[0m00:31:39.629654 [debug] [MainThread]: Sending event: {'category': 'dbt', 'action': 'invocation', 'label': 'start', 'context': [<snowplow_tracker.self_describing_json.SelfDescribingJson object at 0x0000020619BBDED0>, <snowplow_tracker.self_describing_json.SelfDescribingJson object at 0x0000020619BBEFD0>, <snowplow_tracker.self_describing_json.SelfDescribingJson object at 0x0000020619BBE910>]}


============================== 00:31:39.634823 | 4b578e56-ce09-4b41-b191-0e4d6b89344d ==============================
[0m00:31:39.634823 [info ] [MainThread]: Running with dbt=1.11.11
[0m00:31:39.635825 [debug] [MainThread]: running dbt with arguments {'static_parser': 'True', 'no_print': 'None', 'version_check': 'True', 'target_path': 'None', 'warn_error_options': 'WarnErrorOptionsV2(error=[], warn=[], silence=[])', 'printer_width': '80', 'write_json': 'True', 'empty': 'None', 'log_cache_events': 'False', 'introspect': 'True', 'cache_selected_only': 'False', 'log_format': 'default', 'debug': 'False', 'fail_fast': 'False', 'partial_parse': 'True', 'send_anonymous_usage_stats': 'True', 'quiet': 'False', 'warn_error': 'None', 'profiles_dir': 'C:\\Adit\\Tugas\\teknologi big data\\pedestrian-forecasting\\pedestrian-dbt', 'use_colors': 'True', 'indirect_selection': 'eager', 'invocation_command': 'dbt init', 'use_experimental_parser': 'False', 'log_path': 'logs'}
[0m00:32:10.311581 [debug] [MainThread]: Starter project path: C:\Adit\Tugas\teknologi big data\pedestrian-forecasting\.venv-dbt\Lib\site-packages\dbt\include\starter_project
[0m00:32:10.337355 [info ] [MainThread]: 
Your new dbt project "pedestrian_dbt" was created!

For more information on how to configure the profiles.yml file,
please consult the dbt documentation here:

  https://docs.getdbt.com/docs/configure-your-profile

One more thing:

Need help? Don't hesitate to reach out to us via GitHub issues or on Slack:

  https://community.getdbt.com/

Happy modeling!

[0m00:32:10.338356 [info ] [MainThread]: Setting up your profile.
[0m00:32:40.404870 [info ] [MainThread]: Profile pedestrian_dbt written to C:\Adit\Tugas\teknologi big data\pedestrian-forecasting\pedestrian-dbt\profiles.yml using target's profile_template.yml and your supplied values. Run 'dbt debug' to validate the connection.
[0m00:32:40.406680 [debug] [MainThread]: Command `dbt init` succeeded at 00:32:40.406680 after 60.80 seconds
[0m00:32:40.407443 [debug] [MainThread]: Sending event: {'category': 'dbt', 'action': 'invocation', 'label': 'end', 'context': [<snowplow_tracker.self_describing_json.SelfDescribingJson object at 0x0000020611E0E890>, <snowplow_tracker.self_describing_json.SelfDescribingJson object at 0x00000206120CCE90>, <snowplow_tracker.self_describing_json.SelfDescribingJson object at 0x00000206120CCDD0>]}
[0m00:32:40.407443 [debug] [MainThread]: Flushing usage events
[0m00:32:42.708840 [debug] [MainThread]: An error was encountered while trying to flush usage events
[0m00:34:56.673301 [debug] [MainThread]: Sending event: {'category': 'dbt', 'action': 'invocation', 'label': 'start', 'context': [<snowplow_tracker.self_describing_json.SelfDescribingJson object at 0x000002738BBAF110>, <snowplow_tracker.self_describing_json.SelfDescribingJson object at 0x000002738BBFBC90>, <snowplow_tracker.self_describing_json.SelfDescribingJson object at 0x000002738BAFCE90>]}


============================== 00:34:56.679683 | 1f181cab-6e1f-4688-b213-e8b571807359 ==============================
[0m00:34:56.679683 [info ] [MainThread]: Running with dbt=1.11.11
[0m00:34:56.681008 [debug] [MainThread]: running dbt with arguments {'static_parser': 'True', 'no_print': 'None', 'version_check': 'True', 'warn_error_options': 'WarnErrorOptionsV2(error=[], warn=[], silence=[])', 'target_path': 'None', 'printer_width': '80', 'write_json': 'True', 'empty': 'None', 'log_cache_events': 'False', 'introspect': 'True', 'cache_selected_only': 'False', 'log_format': 'default', 'debug': 'False', 'fail_fast': 'False', 'profiles_dir': 'C:\\Adit\\Tugas\\teknologi big data\\pedestrian-forecasting\\pedestrian-dbt', 'send_anonymous_usage_stats': 'True', 'quiet': 'False', 'warn_error': 'None', 'partial_parse': 'True', 'invocation_command': 'dbt debug', 'indirect_selection': 'eager', 'use_colors': 'True', 'use_experimental_parser': 'False', 'log_path': 'C:\\Adit\\Tugas\\teknologi big data\\pedestrian-forecasting\\pedestrian-dbt\\logs'}
[0m00:34:56.709707 [info ] [MainThread]: dbt version: 1.11.11
[0m00:34:56.710707 [info ] [MainThread]: python version: 3.11.9
[0m00:34:56.710707 [info ] [MainThread]: python path: C:\Adit\Tugas\teknologi big data\pedestrian-forecasting\.venv-dbt\Scripts\python.exe
[0m00:34:56.711736 [info ] [MainThread]: os info: Windows-10-10.0.19045-SP0
[0m00:34:58.079354 [info ] [MainThread]: Using profiles dir at C:\Adit\Tugas\teknologi big data\pedestrian-forecasting\pedestrian-dbt
[0m00:34:58.080356 [info ] [MainThread]: Using profiles.yml file at C:\Adit\Tugas\teknologi big data\pedestrian-forecasting\pedestrian-dbt\profiles.yml
[0m00:34:58.081453 [info ] [MainThread]: Using dbt_project.yml file at C:\Adit\Tugas\teknologi big data\pedestrian-forecasting\pedestrian-dbt\dbt_project.yml
[0m00:34:58.082377 [info ] [MainThread]: adapter type: bigquery
[0m00:34:58.083415 [info ] [MainThread]: adapter version: 1.11.1
[0m00:34:58.211570 [info ] [MainThread]: Configuration:
[0m00:34:58.212529 [info ] [MainThread]:   profiles.yml file [[32mOK found and valid[0m]
[0m00:34:58.213370 [info ] [MainThread]:   dbt_project.yml file [[32mOK found and valid[0m]
[0m00:34:58.214288 [info ] [MainThread]: Required dependencies:
[0m00:34:58.215288 [debug] [MainThread]: Executing "git --help"
[0m00:34:58.255013 [debug] [MainThread]: STDOUT: "b"usage: git [-v | --version] [-h | --help] [-C <path>] [-c <name>=<value>]\n           [--exec-path[=<path>]] [--html-path] [--man-path] [--info-path]\n           [-p | --paginate | -P | --no-pager] [--no-replace-objects] [--no-lazy-fetch]\n           [--no-optional-locks] [--no-advice] [--bare] [--git-dir=<path>]\n           [--work-tree=<path>] [--namespace=<name>] [--config-env=<name>=<envvar>]\n           <command> [<args>]\n\nThese are common Git commands used in various situations:\n\nstart a working area (see also: git help tutorial)\n   clone      Clone a repository into a new directory\n   init       Create an empty Git repository or reinitialize an existing one\n\nwork on the current change (see also: git help everyday)\n   add        Add file contents to the index\n   mv         Move or rename a file, a directory, or a symlink\n   restore    Restore working tree files\n   rm         Remove files from the working tree and from the index\n\nexamine the history and state (see also: git help revisions)\n   bisect     Use binary search to find the commit that introduced a bug\n   diff       Show changes between commits, commit and working tree, etc\n   grep       Print lines matching a pattern\n   log        Show commit logs\n   show       Show various types of objects\n   status     Show the working tree status\n\ngrow, mark and tweak your common history\n   backfill   Download missing objects in a partial clone\n   branch     List, create, or delete branches\n   commit     Record changes to the repository\n   merge      Join two or more development histories together\n   rebase     Reapply commits on top of another base tip\n   reset      Reset current HEAD to the specified state\n   switch     Switch branches\n   tag        Create, list, delete or verify a tag object signed with GPG\n\ncollaborate (see also: git help workflows)\n   fetch      Download objects and refs from another repository\n   pull       Fetch from and integrate with another repository or a local branch\n   push       Update remote refs along with associated objects\n\n'git help -a' and 'git help -g' list available subcommands and some\nconcept guides. See 'git help <command>' or 'git help <concept>'\nto read about a specific subcommand or concept.\nSee 'git help git' for an overview of the system.\n""
[0m00:34:58.256129 [debug] [MainThread]: STDERR: "b''"
[0m00:34:58.256724 [info ] [MainThread]:  - git [[32mOK found[0m]

[0m00:34:58.257672 [info ] [MainThread]: Connection:
[0m00:34:58.257672 [info ] [MainThread]:   method: service-account
[0m00:34:58.258673 [info ] [MainThread]:   database: melbourne-pedestrian-pipeline
[0m00:34:58.259481 [info ] [MainThread]:   execution_project: melbourne-pedestrian-pipeline
[0m00:34:58.260480 [info ] [MainThread]:   schema: staging
[0m00:34:58.261479 [info ] [MainThread]:   location: US
[0m00:34:58.261479 [info ] [MainThread]:   priority: interactive
[0m00:34:58.262481 [info ] [MainThread]:   maximum_bytes_billed: None
[0m00:34:58.263483 [info ] [MainThread]:   impersonate_service_account: None
[0m00:34:58.266093 [info ] [MainThread]:   job_retry_deadline_seconds: None
[0m00:34:58.267083 [info ] [MainThread]:   job_retries: 1
[0m00:34:58.268122 [info ] [MainThread]:   job_creation_timeout_seconds: None
[0m00:34:58.269083 [info ] [MainThread]:   job_execution_timeout_seconds: 300
[0m00:34:58.270084 [info ] [MainThread]:   timeout_seconds: 300
[0m00:34:58.271153 [info ] [MainThread]:   client_id: None
[0m00:34:58.271671 [info ] [MainThread]:   token_uri: None
[0m00:34:58.273328 [info ] [MainThread]:   compute_region: None
[0m00:34:58.273328 [info ] [MainThread]:   dataproc_cluster_name: None
[0m00:34:58.274328 [info ] [MainThread]:   gcs_bucket: None
[0m00:34:58.275848 [info ] [MainThread]:   dataproc_batch: None
[0m00:34:58.276377 [info ] [MainThread]: Registered adapter: bigquery=1.11.1
[0m00:34:58.875611 [debug] [MainThread]: Acquiring new bigquery connection 'debug'
[0m00:34:58.876281 [debug] [MainThread]: On debug: select 1 as id
[0m00:34:58.876281 [debug] [MainThread]: Opening a new connection, currently in state init
[0m00:35:00.908602 [debug] [MainThread]: BigQuery adapter: https://console.cloud.google.com/bigquery?project=melbourne-pedestrian-pipeline&j=bq:US:b6039354-ab14-4a4e-9af9-f750f13231a0&page=queryresults
[0m00:35:01.327788 [debug] [MainThread]: SQL status: OK in 0.419 seconds
[0m00:35:01.815068 [info ] [MainThread]:   Connection test: [[32mOK connection ok[0m]

[0m00:35:01.816080 [info ] [MainThread]: [32mAll checks passed![0m
[0m00:35:01.817081 [debug] [MainThread]: Command `dbt debug` succeeded at 00:35:01.817081 after 5.24 seconds
[0m00:35:01.818120 [debug] [MainThread]: Connection 'debug' was properly closed.
[0m00:35:01.819082 [debug] [MainThread]: Sending event: {'category': 'dbt', 'action': 'invocation', 'label': 'end', 'context': [<snowplow_tracker.self_describing_json.SelfDescribingJson object at 0x0000027384E7E890>, <snowplow_tracker.self_describing_json.SelfDescribingJson object at 0x000002738513CE90>, <snowplow_tracker.self_describing_json.SelfDescribingJson object at 0x000002738513CDD0>]}
[0m00:35:01.819082 [debug] [MainThread]: Flushing usage events
[0m00:35:04.509237 [debug] [MainThread]: An error was encountered while trying to flush usage events
[0m00:40:19.621054 [debug] [MainThread]: Sending event: {'category': 'dbt', 'action': 'invocation', 'label': 'start', 'context': [<snowplow_tracker.self_describing_json.SelfDescribingJson object at 0x000001FCB46AF410>, <snowplow_tracker.self_describing_json.SelfDescribingJson object at 0x000001FCB46AE210>, <snowplow_tracker.self_describing_json.SelfDescribingJson object at 0x000001FCB46AF310>]}


============================== 00:40:19.625466 | b779caba-f6c8-48d7-945c-48372161fbd2 ==============================
[0m00:40:19.625466 [info ] [MainThread]: Running with dbt=1.11.11
[0m00:40:19.627400 [debug] [MainThread]: running dbt with arguments {'static_parser': 'True', 'no_print': 'None', 'version_check': 'True', 'target_path': 'None', 'warn_error_options': 'WarnErrorOptionsV2(error=[], warn=[], silence=[])', 'printer_width': '80', 'write_json': 'True', 'introspect': 'True', 'log_cache_events': 'False', 'empty': 'False', 'cache_selected_only': 'False', 'fail_fast': 'False', 'debug': 'False', 'log_format': 'default', 'partial_parse': 'True', 'send_anonymous_usage_stats': 'True', 'quiet': 'False', 'warn_error': 'None', 'profiles_dir': 'C:\\Adit\\Tugas\\teknologi big data\\pedestrian-forecasting\\pedestrian-dbt', 'indirect_selection': 'eager', 'use_colors': 'True', 'invocation_command': 'dbt run', 'use_experimental_parser': 'False', 'log_path': 'C:\\Adit\\Tugas\\teknologi big data\\pedestrian-forecasting\\pedestrian-dbt\\logs'}
[0m00:40:21.076304 [debug] [MainThread]: Sending event: {'category': 'dbt', 'action': 'project_id', 'label': 'b779caba-f6c8-48d7-945c-48372161fbd2', 'context': [<snowplow_tracker.self_describing_json.SelfDescribingJson object at 0x000001FCC6BD7210>]}
[0m00:40:21.175289 [debug] [MainThread]: Sending event: {'category': 'dbt', 'action': 'adapter_info', 'label': 'b779caba-f6c8-48d7-945c-48372161fbd2', 'context': [<snowplow_tracker.self_describing_json.SelfDescribingJson object at 0x000001FCB0DD6DD0>]}
[0m00:40:21.176348 [info ] [MainThread]: Registered adapter: bigquery=1.11.1
[0m00:40:21.838814 [debug] [MainThread]: checksum: 30a8cc8fdcbf66701b0944d4ccce3fa46dd04b61e5df68b9f16d57b2e0e3f0be, vars: {}, profile: , target: , version: 1.11.11
[0m00:40:21.839816 [info ] [MainThread]: Unable to do partial parsing because saved manifest not found. Starting full parse.
[0m00:40:21.840498 [debug] [MainThread]: Sending event: {'category': 'dbt', 'action': 'partial_parser', 'label': 'b779caba-f6c8-48d7-945c-48372161fbd2', 'context': [<snowplow_tracker.self_describing_json.SelfDescribingJson object at 0x000001FCC6CF2590>]}
[0m00:40:24.949823 [warn ] [MainThread]: [[33mWARNING[0m]: Configuration paths exist in your dbt_project.yml file which do not apply to any resources.
There are 1 unused configuration paths:
- models.pedestrian_dbt.example
[0m00:40:24.960806 [debug] [MainThread]: Sending event: {'category': 'dbt', 'action': 'load_project', 'label': 'b779caba-f6c8-48d7-945c-48372161fbd2', 'context': [<snowplow_tracker.self_describing_json.SelfDescribingJson object at 0x000001FCC7416F90>]}
[0m00:40:25.084004 [debug] [MainThread]: Wrote artifact WritableManifest to C:\Adit\Tugas\teknologi big data\pedestrian-forecasting\pedestrian-dbt\target\manifest.json
[0m00:40:25.088006 [debug] [MainThread]: Wrote artifact SemanticManifest to C:\Adit\Tugas\teknologi big data\pedestrian-forecasting\pedestrian-dbt\target\semantic_manifest.json
[0m00:40:25.127468 [debug] [MainThread]: Sending event: {'category': 'dbt', 'action': 'resource_counts', 'label': 'b779caba-f6c8-48d7-945c-48372161fbd2', 'context': [<snowplow_tracker.self_describing_json.SelfDescribingJson object at 0x000001FCC7398250>]}
[0m00:40:25.128469 [info ] [MainThread]: Found 7 models, 7 data tests, 4 sources, 549 macros
[0m00:40:25.128988 [debug] [MainThread]: Sending event: {'category': 'dbt', 'action': 'runnable_timing', 'label': 'b779caba-f6c8-48d7-945c-48372161fbd2', 'context': [<snowplow_tracker.self_describing_json.SelfDescribingJson object at 0x000001FCC7183BD0>]}
[0m00:40:25.132026 [info ] [MainThread]: 
[0m00:40:25.132985 [info ] [MainThread]: Concurrency: 4 threads (target='dev')
[0m00:40:25.132985 [info ] [MainThread]: 
[0m00:40:25.134089 [debug] [MainThread]: Acquiring new bigquery connection 'master'
[0m00:40:25.140901 [debug] [ThreadPool]: Acquiring new bigquery connection 'list_melbourne-pedestrian-pipeline'
[0m00:40:25.141900 [debug] [ThreadPool]: Opening a new connection, currently in state init
[0m00:40:27.117825 [debug] [ThreadPool]: Acquiring new bigquery connection 'list_melbourne-pedestrian-pipeline_staging'
[0m00:40:27.117825 [debug] [ThreadPool]: Opening a new connection, currently in state init
[0m00:40:28.668492 [debug] [MainThread]: Sending event: {'category': 'dbt', 'action': 'runnable_timing', 'label': 'b779caba-f6c8-48d7-945c-48372161fbd2', 'context': [<snowplow_tracker.self_describing_json.SelfDescribingJson object at 0x000001FCB4608C50>]}
[0m00:40:28.669531 [debug] [MainThread]: Opening a new connection, currently in state init
[0m00:40:28.742831 [debug] [Thread-1 (]: Began running node model.pedestrian_dbt.stg_pedestrian_counts
[0m00:40:28.742831 [debug] [Thread-2 (]: Began running node model.pedestrian_dbt.stg_public_holidays
[0m00:40:28.743871 [debug] [Thread-3 (]: Began running node model.pedestrian_dbt.stg_sensor_locations
[0m00:40:28.744834 [debug] [Thread-4 (]: Began running node model.pedestrian_dbt.stg_weather_hourly
[0m00:40:28.744834 [info ] [Thread-1 (]: 1 of 7 START sql view model staging.stg_pedestrian_counts ...................... [RUN]
[0m00:40:28.746367 [info ] [Thread-2 (]: 2 of 7 START sql view model staging.stg_public_holidays ........................ [RUN]
[0m00:40:28.747616 [info ] [Thread-3 (]: 3 of 7 START sql view model staging.stg_sensor_locations ....................... [RUN]
[0m00:40:28.748622 [info ] [Thread-4 (]: 4 of 7 START sql view model staging.stg_weather_hourly ......................... [RUN]
[0m00:40:28.749617 [debug] [Thread-1 (]: Acquiring new bigquery connection 'model.pedestrian_dbt.stg_pedestrian_counts'
[0m00:40:28.750618 [debug] [Thread-2 (]: Acquiring new bigquery connection 'model.pedestrian_dbt.stg_public_holidays'
[0m00:40:28.751621 [debug] [Thread-3 (]: Acquiring new bigquery connection 'model.pedestrian_dbt.stg_sensor_locations'
[0m00:40:28.752177 [debug] [Thread-4 (]: Acquiring new bigquery connection 'model.pedestrian_dbt.stg_weather_hourly'
[0m00:40:28.753222 [debug] [Thread-1 (]: Began compiling node model.pedestrian_dbt.stg_pedestrian_counts
[0m00:40:28.753222 [debug] [Thread-2 (]: Began compiling node model.pedestrian_dbt.stg_public_holidays
[0m00:40:28.754189 [debug] [Thread-3 (]: Began compiling node model.pedestrian_dbt.stg_sensor_locations
[0m00:40:28.755187 [debug] [Thread-4 (]: Began compiling node model.pedestrian_dbt.stg_weather_hourly
[0m00:40:28.763106 [debug] [Thread-1 (]: Writing injected SQL for node "model.pedestrian_dbt.stg_pedestrian_counts"
[0m00:40:28.766104 [debug] [Thread-2 (]: Writing injected SQL for node "model.pedestrian_dbt.stg_public_holidays"
[0m00:40:28.769103 [debug] [Thread-3 (]: Writing injected SQL for node "model.pedestrian_dbt.stg_sensor_locations"
[0m00:40:28.771933 [debug] [Thread-4 (]: Writing injected SQL for node "model.pedestrian_dbt.stg_weather_hourly"
[0m00:40:28.777101 [debug] [Thread-1 (]: Began executing node model.pedestrian_dbt.stg_pedestrian_counts
[0m00:40:28.777619 [debug] [Thread-2 (]: Began executing node model.pedestrian_dbt.stg_public_holidays
[0m00:40:28.778619 [debug] [Thread-3 (]: Began executing node model.pedestrian_dbt.stg_sensor_locations
[0m00:40:28.790552 [debug] [Thread-4 (]: Began executing node model.pedestrian_dbt.stg_weather_hourly
[0m00:40:28.815841 [debug] [Thread-1 (]: Writing runtime sql for node "model.pedestrian_dbt.stg_pedestrian_counts"
[0m00:40:28.819800 [debug] [Thread-2 (]: Writing runtime sql for node "model.pedestrian_dbt.stg_public_holidays"
[0m00:40:28.826244 [debug] [Thread-3 (]: Writing runtime sql for node "model.pedestrian_dbt.stg_sensor_locations"
[0m00:40:28.829241 [debug] [Thread-4 (]: Writing runtime sql for node "model.pedestrian_dbt.stg_weather_hourly"
[0m00:40:28.834118 [debug] [Thread-1 (]: On model.pedestrian_dbt.stg_pedestrian_counts: /* {"app": "dbt", "dbt_version": "1.11.11", "profile_name": "pedestrian_dbt", "target_name": "dev", "node_id": "model.pedestrian_dbt.stg_pedestrian_counts"} */


  create or replace view `melbourne-pedestrian-pipeline`.`staging`.`stg_pedestrian_counts`
  OPTIONS()
  as with source as (
    select * from `melbourne-pedestrian-pipeline`.`raw`.`pedestrian_counts`
),

renamed as (
    select
        cast(id as INT64)                           as pedestrian_id,
        cast(location_id as INT64)                  as location_id,
        cast(sensor_name as STRING)                 as sensor_name,
        cast(sensing_date as DATE)                  as sensing_date,
        cast(hourday as INT64)                      as hour_of_day,
        cast(sensing_datetime as TIMESTAMP)         as sensing_datetime,
        cast(direction_1 as INT64)                  as direction_1_count,
        cast(direction_2 as INT64)                  as direction_2_count,
        cast(pedestriancount as INT64)              as pedestrian_count,
        cast(lon as FLOAT64)                        as longitude,
        cast(lat as FLOAT64)                        as latitude,
        cast(ingested_at as TIMESTAMP)              as ingested_at
    from source
)

select * from renamed;


[0m00:40:28.835645 [debug] [Thread-1 (]: Opening a new connection, currently in state init
[0m00:40:28.835645 [debug] [Thread-4 (]: On model.pedestrian_dbt.stg_weather_hourly: /* {"app": "dbt", "dbt_version": "1.11.11", "profile_name": "pedestrian_dbt", "target_name": "dev", "node_id": "model.pedestrian_dbt.stg_weather_hourly"} */


  create or replace view `melbourne-pedestrian-pipeline`.`staging`.`stg_weather_hourly`
  OPTIONS()
  as with source as (
    select * from `melbourne-pedestrian-pipeline`.`raw`.`weather_hourly`
),

renamed as (
    select
        cast(datetime as TIMESTAMP)             as weather_datetime,
        cast(date as DATE)                      as weather_date,
        cast(hour as INT64)                     as hour_of_day,
        cast(temperature_2m as FLOAT64)         as temperature_c,
        cast(precipitation as FLOAT64)          as precipitation_mm,
        cast(windspeed_10m as FLOAT64)          as windspeed_ms,
        cast(relativehumidity_2m as FLOAT64)    as humidity_pct,
        cast(ingested_at as TIMESTAMP)          as ingested_at
    from source
)

select * from renamed;


[0m00:40:28.837234 [debug] [Thread-2 (]: On model.pedestrian_dbt.stg_public_holidays: /* {"app": "dbt", "dbt_version": "1.11.11", "profile_name": "pedestrian_dbt", "target_name": "dev", "node_id": "model.pedestrian_dbt.stg_public_holidays"} */


  create or replace view `melbourne-pedestrian-pipeline`.`staging`.`stg_public_holidays`
  OPTIONS()
  as with source as (
    select * from `melbourne-pedestrian-pipeline`.`raw`.`public_holidays`
),

renamed as (
    select
        cast(date as DATE)          as holiday_date,
        cast(name as STRING)        as holiday_name,
        cast(is_national as BOOL)   as is_national,
        cast(year as INT64)         as year,
        cast(ingested_at as TIMESTAMP) as ingested_at
    from source
)

select * from renamed;


[0m00:40:28.838262 [debug] [Thread-3 (]: On model.pedestrian_dbt.stg_sensor_locations: /* {"app": "dbt", "dbt_version": "1.11.11", "profile_name": "pedestrian_dbt", "target_name": "dev", "node_id": "model.pedestrian_dbt.stg_sensor_locations"} */


  create or replace view `melbourne-pedestrian-pipeline`.`staging`.`stg_sensor_locations`
  OPTIONS()
  as with source as (
    select * from `melbourne-pedestrian-pipeline`.`raw`.`sensor_locations`
),

renamed as (
    select
        cast(sensor_id as INT64)            as sensor_id,
        cast(sensor_description as STRING)  as sensor_description,
        cast(sensor_name as STRING)         as sensor_name,
        cast(installation_date as DATE)     as installation_date,
        cast(note as STRING)                as note,
        cast(direction_1 as STRING)         as direction_1_name,
        cast(direction_2 as STRING)         as direction_2_name,
        cast(latitude as FLOAT64)           as latitude,
        cast(longitude as FLOAT64)          as longitude,
        cast(ingested_at as TIMESTAMP)      as ingested_at
    from source
)

select * from renamed;


[0m00:40:28.877904 [debug] [Thread-4 (]: Opening a new connection, currently in state init
[0m00:40:28.878902 [debug] [Thread-2 (]: Opening a new connection, currently in state init
[0m00:40:28.879942 [debug] [Thread-3 (]: Opening a new connection, currently in state init
[0m00:40:30.996558 [debug] [Thread-1 (]: BigQuery adapter: https://console.cloud.google.com/bigquery?project=melbourne-pedestrian-pipeline&j=bq:US:9c096e29-1ff8-4c3b-b2de-64d463cc7728&page=queryresults
[0m00:40:31.017687 [debug] [Thread-2 (]: BigQuery adapter: https://console.cloud.google.com/bigquery?project=melbourne-pedestrian-pipeline&j=bq:US:4f09b1a7-642c-4f28-a60e-326aad8065f9&page=queryresults
[0m00:40:31.039046 [debug] [Thread-4 (]: BigQuery adapter: https://console.cloud.google.com/bigquery?project=melbourne-pedestrian-pipeline&j=bq:US:0a41fc0b-164f-440f-a3ac-e2adcf02680d&page=queryresults
[0m00:40:31.059905 [debug] [Thread-3 (]: BigQuery adapter: https://console.cloud.google.com/bigquery?project=melbourne-pedestrian-pipeline&j=bq:US:54ea5a4c-04dd-47af-bbed-cc9c21971880&page=queryresults
[0m00:40:31.426680 [error] [Thread-3 (]: BigQuery adapter: https://console.cloud.google.com/bigquery?project=melbourne-pedestrian-pipeline&j=bq:US:54ea5a4c-04dd-47af-bbed-cc9c21971880&page=queryresults
[0m00:40:31.462130 [debug] [Thread-3 (]: Database Error in model stg_sensor_locations (models\staging\stg_sensor_locations.sql)
  Unrecognized name: sensor_id at [12:14]
  compiled code at target\run\pedestrian_dbt\models\staging\stg_sensor_locations.sql
[0m00:40:31.464911 [debug] [Thread-3 (]: Sending event: {'category': 'dbt', 'action': 'run_model', 'label': 'b779caba-f6c8-48d7-945c-48372161fbd2', 'context': [<snowplow_tracker.self_describing_json.SelfDescribingJson object at 0x000001FCB5776210>]}
[0m00:40:31.465909 [error] [Thread-3 (]: 3 of 7 ERROR creating sql view model staging.stg_sensor_locations .............. [[31mERROR[0m in 2.71s]
[0m00:40:31.466910 [debug] [Thread-3 (]: Finished running node model.pedestrian_dbt.stg_sensor_locations
[0m00:40:31.467912 [debug] [Thread-7 (]: Marking all children of 'model.pedestrian_dbt.stg_sensor_locations' to be skipped because of status 'error'.  Reason: Database Error in model stg_sensor_locations (models\staging\stg_sensor_locations.sql)
  Unrecognized name: sensor_id at [12:14]
  compiled code at target\run\pedestrian_dbt\models\staging\stg_sensor_locations.sql.
[0m00:40:31.787334 [debug] [Thread-1 (]: SQL status: OK in 0.789 seconds
[0m00:40:31.802894 [debug] [Thread-4 (]: SQL status: OK in 0.763 seconds
[0m00:40:31.820767 [debug] [Thread-2 (]: SQL status: OK in 0.803 seconds
[0m00:40:31.923477 [debug] [Thread-2 (]: Sending event: {'category': 'dbt', 'action': 'run_model', 'label': 'b779caba-f6c8-48d7-945c-48372161fbd2', 'context': [<snowplow_tracker.self_describing_json.SelfDescribingJson object at 0x000001FCC8B11AD0>]}
[0m00:40:31.926525 [debug] [Thread-1 (]: Sending event: {'category': 'dbt', 'action': 'run_model', 'label': 'b779caba-f6c8-48d7-945c-48372161fbd2', 'context': [<snowplow_tracker.self_describing_json.SelfDescribingJson object at 0x000001FCC72D2910>]}
[0m00:40:31.928575 [debug] [Thread-4 (]: Sending event: {'category': 'dbt', 'action': 'run_model', 'label': 'b779caba-f6c8-48d7-945c-48372161fbd2', 'context': [<snowplow_tracker.self_describing_json.SelfDescribingJson object at 0x000001FCC8B11D90>]}
[0m00:40:31.929575 [info ] [Thread-2 (]: 2 of 7 OK created sql view model staging.stg_public_holidays ................... [[32mCREATE VIEW (0 processed)[0m in 3.17s]
[0m00:40:31.931577 [info ] [Thread-1 (]: 1 of 7 OK created sql view model staging.stg_pedestrian_counts ................. [[32mCREATE VIEW (0 processed)[0m in 3.18s]
[0m00:40:31.933727 [debug] [Thread-2 (]: Finished running node model.pedestrian_dbt.stg_public_holidays
[0m00:40:31.933100 [info ] [Thread-4 (]: 4 of 7 OK created sql view model staging.stg_weather_hourly .................... [[32mCREATE VIEW (0 processed)[0m in 3.18s]
[0m00:40:31.935729 [debug] [Thread-1 (]: Finished running node model.pedestrian_dbt.stg_pedestrian_counts
[0m00:40:31.937728 [debug] [Thread-4 (]: Finished running node model.pedestrian_dbt.stg_weather_hourly
[0m00:40:31.940300 [debug] [Thread-3 (]: Began running node model.pedestrian_dbt.int_pedestrian_enriched
[0m00:40:31.941297 [info ] [Thread-3 (]: 5 of 7 SKIP relation staging.int_pedestrian_enriched ........................... [[33mSKIP[0m]
[0m00:40:31.943297 [debug] [Thread-3 (]: Finished running node model.pedestrian_dbt.int_pedestrian_enriched
[0m00:40:31.944299 [debug] [Thread-1 (]: Began running node model.pedestrian_dbt.mart_pedestrian_hourly
[0m00:40:31.945301 [info ] [Thread-1 (]: 6 of 7 SKIP relation staging.mart_pedestrian_hourly ............................ [[33mSKIP[0m]
[0m00:40:31.946186 [debug] [Thread-1 (]: Finished running node model.pedestrian_dbt.mart_pedestrian_hourly
[0m00:40:31.947182 [debug] [Thread-2 (]: Began running node model.pedestrian_dbt.mart_pedestrian_daily
[0m00:40:31.948183 [info ] [Thread-2 (]: 7 of 7 SKIP relation staging.mart_pedestrian_daily ............................. [[33mSKIP[0m]
[0m00:40:31.949183 [debug] [Thread-2 (]: Finished running node model.pedestrian_dbt.mart_pedestrian_daily
[0m00:40:31.951690 [debug] [MainThread]: Opening a new connection, currently in state closed
[0m00:40:32.000751 [debug] [MainThread]: Connection 'master' was properly closed.
[0m00:40:32.000751 [debug] [MainThread]: Connection 'list_melbourne-pedestrian-pipeline' was properly closed.
[0m00:40:32.001752 [debug] [MainThread]: Connection 'list_melbourne-pedestrian-pipeline_staging' was properly closed.
[0m00:40:32.001752 [debug] [MainThread]: Connection 'model.pedestrian_dbt.stg_pedestrian_counts' was properly closed.
[0m00:40:32.002751 [debug] [MainThread]: Connection 'model.pedestrian_dbt.stg_public_holidays' was properly closed.
[0m00:40:32.002751 [debug] [MainThread]: Connection 'model.pedestrian_dbt.stg_sensor_locations' was properly closed.
[0m00:40:32.003750 [debug] [MainThread]: Connection 'model.pedestrian_dbt.stg_weather_hourly' was properly closed.
[0m00:40:32.004750 [info ] [MainThread]: 
[0m00:40:32.005751 [info ] [MainThread]: Finished running 2 table models, 5 view models in 0 hours 0 minutes and 6.87 seconds (6.87s).
[0m00:40:32.008315 [debug] [MainThread]: Command end result
[0m00:40:32.058616 [debug] [MainThread]: Wrote artifact WritableManifest to C:\Adit\Tugas\teknologi big data\pedestrian-forecasting\pedestrian-dbt\target\manifest.json
[0m00:40:32.061968 [debug] [MainThread]: Wrote artifact SemanticManifest to C:\Adit\Tugas\teknologi big data\pedestrian-forecasting\pedestrian-dbt\target\semantic_manifest.json
[0m00:40:32.070018 [debug] [MainThread]: Wrote artifact RunExecutionResult to C:\Adit\Tugas\teknologi big data\pedestrian-forecasting\pedestrian-dbt\target\run_results.json
[0m00:40:32.070018 [info ] [MainThread]: 
[0m00:40:32.072622 [info ] [MainThread]: [31mCompleted with 1 error, 0 partial successes, and 0 warnings:[0m
[0m00:40:32.073621 [info ] [MainThread]: 
[0m00:40:32.074353 [error] [MainThread]: [31mFailure in model stg_sensor_locations (models\staging\stg_sensor_locations.sql)[0m
[0m00:40:32.075296 [error] [MainThread]:   Database Error in model stg_sensor_locations (models\staging\stg_sensor_locations.sql)
  Unrecognized name: sensor_id at [12:14]
  compiled code at target\run\pedestrian_dbt\models\staging\stg_sensor_locations.sql
[0m00:40:32.077220 [info ] [MainThread]: 
[0m00:40:32.078759 [info ] [MainThread]:   compiled code at target\compiled\pedestrian_dbt\models\staging\stg_sensor_locations.sql
[0m00:40:32.079762 [info ] [MainThread]: 
[0m00:40:32.080839 [info ] [MainThread]: Done. PASS=3 WARN=0 ERROR=1 SKIP=3 NO-OP=0 TOTAL=7
[0m00:40:32.082518 [debug] [MainThread]: Command `dbt run` failed at 00:40:32.082518 after 12.55 seconds
[0m00:40:32.083518 [debug] [MainThread]: Sending event: {'category': 'dbt', 'action': 'invocation', 'label': 'end', 'context': [<snowplow_tracker.self_describing_json.SelfDescribingJson object at 0x000001FCAD88E890>, <snowplow_tracker.self_describing_json.SelfDescribingJson object at 0x000001FCB45F1A10>, <snowplow_tracker.self_describing_json.SelfDescribingJson object at 0x000001FCB3E89D90>]}
[0m00:40:32.084519 [debug] [MainThread]: Flushing usage events
[0m00:40:34.434439 [debug] [MainThread]: An error was encountered while trying to flush usage events
[0m00:42:54.247663 [debug] [MainThread]: Sending event: {'category': 'dbt', 'action': 'invocation', 'label': 'start', 'context': [<snowplow_tracker.self_describing_json.SelfDescribingJson object at 0x000001DB38089990>, <snowplow_tracker.self_describing_json.SelfDescribingJson object at 0x000001DB36F3CC10>, <snowplow_tracker.self_describing_json.SelfDescribingJson object at 0x000001DB36D80F90>]}


============================== 00:42:54.252664 | df7a73ce-afba-4e2a-9958-46d3dc9beeb0 ==============================
[0m00:42:54.252664 [info ] [MainThread]: Running with dbt=1.11.11
[0m00:42:54.253669 [debug] [MainThread]: running dbt with arguments {'static_parser': 'True', 'no_print': 'None', 'version_check': 'True', 'warn_error_options': 'WarnErrorOptionsV2(error=[], warn=[], silence=[])', 'target_path': 'None', 'printer_width': '80', 'write_json': 'True', 'introspect': 'True', 'log_cache_events': 'False', 'empty': 'False', 'cache_selected_only': 'False', 'fail_fast': 'False', 'debug': 'False', 'log_format': 'default', 'profiles_dir': 'C:\\Adit\\Tugas\\teknologi big data\\pedestrian-forecasting\\pedestrian-dbt', 'send_anonymous_usage_stats': 'True', 'quiet': 'False', 'warn_error': 'None', 'partial_parse': 'True', 'indirect_selection': 'eager', 'use_colors': 'True', 'invocation_command': 'dbt run', 'use_experimental_parser': 'False', 'log_path': 'C:\\Adit\\Tugas\\teknologi big data\\pedestrian-forecasting\\pedestrian-dbt\\logs'}
[0m00:42:55.960475 [debug] [MainThread]: Sending event: {'category': 'dbt', 'action': 'project_id', 'label': 'df7a73ce-afba-4e2a-9958-46d3dc9beeb0', 'context': [<snowplow_tracker.self_describing_json.SelfDescribingJson object at 0x000001DB370565D0>]}
[0m00:42:56.042712 [debug] [MainThread]: Sending event: {'category': 'dbt', 'action': 'adapter_info', 'label': 'df7a73ce-afba-4e2a-9958-46d3dc9beeb0', 'context': [<snowplow_tracker.self_describing_json.SelfDescribingJson object at 0x000001DB33717150>]}
[0m00:42:56.044712 [info ] [MainThread]: Registered adapter: bigquery=1.11.1
[0m00:42:56.705919 [debug] [MainThread]: checksum: 30a8cc8fdcbf66701b0944d4ccce3fa46dd04b61e5df68b9f16d57b2e0e3f0be, vars: {}, profile: , target: , version: 1.11.11
[0m00:42:56.916230 [debug] [MainThread]: Partial parsing enabled: 0 files deleted, 0 files added, 1 files changed.
[0m00:42:56.917232 [debug] [MainThread]: Partial parsing: updated file: pedestrian_dbt://models\staging\stg_sensor_locations.sql
[0m00:42:57.264167 [warn ] [MainThread]: [[33mWARNING[0m]: Configuration paths exist in your dbt_project.yml file which do not apply to any resources.
There are 1 unused configuration paths:
- models.pedestrian_dbt.example
[0m00:42:57.280749 [debug] [MainThread]: Sending event: {'category': 'dbt', 'action': 'load_project', 'label': 'df7a73ce-afba-4e2a-9958-46d3dc9beeb0', 'context': [<snowplow_tracker.self_describing_json.SelfDescribingJson object at 0x000001DB49C15F50>]}
[0m00:42:57.415784 [debug] [MainThread]: Wrote artifact WritableManifest to C:\Adit\Tugas\teknologi big data\pedestrian-forecasting\pedestrian-dbt\target\manifest.json
[0m00:42:57.420784 [debug] [MainThread]: Wrote artifact SemanticManifest to C:\Adit\Tugas\teknologi big data\pedestrian-forecasting\pedestrian-dbt\target\semantic_manifest.json
[0m00:42:57.440667 [debug] [MainThread]: Sending event: {'category': 'dbt', 'action': 'resource_counts', 'label': 'df7a73ce-afba-4e2a-9958-46d3dc9beeb0', 'context': [<snowplow_tracker.self_describing_json.SelfDescribingJson object at 0x000001DB499FCE90>]}
[0m00:42:57.441667 [info ] [MainThread]: Found 7 models, 7 data tests, 4 sources, 549 macros
[0m00:42:57.442668 [debug] [MainThread]: Sending event: {'category': 'dbt', 'action': 'runnable_timing', 'label': 'df7a73ce-afba-4e2a-9958-46d3dc9beeb0', 'context': [<snowplow_tracker.self_describing_json.SelfDescribingJson object at 0x000001DB499AD150>]}
[0m00:42:57.445702 [info ] [MainThread]: 
[0m00:42:57.446699 [info ] [MainThread]: Concurrency: 4 threads (target='dev')
[0m00:42:57.447786 [info ] [MainThread]: 
[0m00:42:57.448789 [debug] [MainThread]: Acquiring new bigquery connection 'master'
[0m00:42:57.457550 [debug] [ThreadPool]: Acquiring new bigquery connection 'list_melbourne-pedestrian-pipeline'
[0m00:42:57.458544 [debug] [ThreadPool]: Opening a new connection, currently in state init
[0m00:42:59.123105 [debug] [ThreadPool]: Acquiring new bigquery connection 'list_melbourne-pedestrian-pipeline_staging'
[0m00:42:59.124107 [debug] [ThreadPool]: Opening a new connection, currently in state init
[0m00:43:00.590464 [debug] [MainThread]: Sending event: {'category': 'dbt', 'action': 'runnable_timing', 'label': 'df7a73ce-afba-4e2a-9958-46d3dc9beeb0', 'context': [<snowplow_tracker.self_describing_json.SelfDescribingJson object at 0x000001DB4942C610>]}
[0m00:43:00.591507 [debug] [MainThread]: Opening a new connection, currently in state init
[0m00:43:00.635146 [debug] [Thread-1 (]: Began running node model.pedestrian_dbt.stg_pedestrian_counts
[0m00:43:00.636195 [debug] [Thread-2 (]: Began running node model.pedestrian_dbt.stg_public_holidays
[0m00:43:00.636195 [debug] [Thread-3 (]: Began running node model.pedestrian_dbt.stg_sensor_locations
[0m00:43:00.637195 [debug] [Thread-4 (]: Began running node model.pedestrian_dbt.stg_weather_hourly
[0m00:43:00.638196 [info ] [Thread-1 (]: 1 of 7 START sql view model staging.stg_pedestrian_counts ...................... [RUN]
[0m00:43:00.639157 [info ] [Thread-2 (]: 2 of 7 START sql view model staging.stg_public_holidays ........................ [RUN]
[0m00:43:00.639157 [info ] [Thread-3 (]: 3 of 7 START sql view model staging.stg_sensor_locations ....................... [RUN]
[0m00:43:00.640841 [info ] [Thread-4 (]: 4 of 7 START sql view model staging.stg_weather_hourly ......................... [RUN]
[0m00:43:00.641839 [debug] [Thread-1 (]: Acquiring new bigquery connection 'model.pedestrian_dbt.stg_pedestrian_counts'
[0m00:43:00.642840 [debug] [Thread-2 (]: Acquiring new bigquery connection 'model.pedestrian_dbt.stg_public_holidays'
[0m00:43:00.642840 [debug] [Thread-3 (]: Acquiring new bigquery connection 'model.pedestrian_dbt.stg_sensor_locations'
[0m00:43:00.643875 [debug] [Thread-4 (]: Acquiring new bigquery connection 'model.pedestrian_dbt.stg_weather_hourly'
[0m00:43:00.644837 [debug] [Thread-1 (]: Began compiling node model.pedestrian_dbt.stg_pedestrian_counts
[0m00:43:00.645837 [debug] [Thread-2 (]: Began compiling node model.pedestrian_dbt.stg_public_holidays
[0m00:43:00.646442 [debug] [Thread-3 (]: Began compiling node model.pedestrian_dbt.stg_sensor_locations
[0m00:43:00.646442 [debug] [Thread-4 (]: Began compiling node model.pedestrian_dbt.stg_weather_hourly
[0m00:43:00.654644 [debug] [Thread-1 (]: Writing injected SQL for node "model.pedestrian_dbt.stg_pedestrian_counts"
[0m00:43:00.657943 [debug] [Thread-2 (]: Writing injected SQL for node "model.pedestrian_dbt.stg_public_holidays"
[0m00:43:00.661945 [debug] [Thread-3 (]: Writing injected SQL for node "model.pedestrian_dbt.stg_sensor_locations"
[0m00:43:00.664944 [debug] [Thread-4 (]: Writing injected SQL for node "model.pedestrian_dbt.stg_weather_hourly"
[0m00:43:00.667947 [debug] [Thread-1 (]: Began executing node model.pedestrian_dbt.stg_pedestrian_counts
[0m00:43:00.669945 [debug] [Thread-2 (]: Began executing node model.pedestrian_dbt.stg_public_holidays
[0m00:43:00.670944 [debug] [Thread-3 (]: Began executing node model.pedestrian_dbt.stg_sensor_locations
[0m00:43:00.709493 [debug] [Thread-1 (]: Writing runtime sql for node "model.pedestrian_dbt.stg_pedestrian_counts"
[0m00:43:00.709493 [debug] [Thread-4 (]: Began executing node model.pedestrian_dbt.stg_weather_hourly
[0m00:43:00.713441 [debug] [Thread-2 (]: Writing runtime sql for node "model.pedestrian_dbt.stg_public_holidays"
[0m00:43:00.718777 [debug] [Thread-3 (]: Writing runtime sql for node "model.pedestrian_dbt.stg_sensor_locations"
[0m00:43:00.723424 [debug] [Thread-4 (]: Writing runtime sql for node "model.pedestrian_dbt.stg_weather_hourly"
[0m00:43:00.723424 [debug] [Thread-1 (]: On model.pedestrian_dbt.stg_pedestrian_counts: /* {"app": "dbt", "dbt_version": "1.11.11", "profile_name": "pedestrian_dbt", "target_name": "dev", "node_id": "model.pedestrian_dbt.stg_pedestrian_counts"} */


  create or replace view `melbourne-pedestrian-pipeline`.`staging`.`stg_pedestrian_counts`
  OPTIONS()
  as with source as (
    select * from `melbourne-pedestrian-pipeline`.`raw`.`pedestrian_counts`
),

renamed as (
    select
        cast(id as INT64)                           as pedestrian_id,
        cast(location_id as INT64)                  as location_id,
        cast(sensor_name as STRING)                 as sensor_name,
        cast(sensing_date as DATE)                  as sensing_date,
        cast(hourday as INT64)                      as hour_of_day,
        cast(sensing_datetime as TIMESTAMP)         as sensing_datetime,
        cast(direction_1 as INT64)                  as direction_1_count,
        cast(direction_2 as INT64)                  as direction_2_count,
        cast(pedestriancount as INT64)              as pedestrian_count,
        cast(lon as FLOAT64)                        as longitude,
        cast(lat as FLOAT64)                        as latitude,
        cast(ingested_at as TIMESTAMP)              as ingested_at
    from source
)

select * from renamed;


[0m00:43:00.725423 [debug] [Thread-2 (]: On model.pedestrian_dbt.stg_public_holidays: /* {"app": "dbt", "dbt_version": "1.11.11", "profile_name": "pedestrian_dbt", "target_name": "dev", "node_id": "model.pedestrian_dbt.stg_public_holidays"} */


  create or replace view `melbourne-pedestrian-pipeline`.`staging`.`stg_public_holidays`
  OPTIONS()
  as with source as (
    select * from `melbourne-pedestrian-pipeline`.`raw`.`public_holidays`
),

renamed as (
    select
        cast(date as DATE)          as holiday_date,
        cast(name as STRING)        as holiday_name,
        cast(is_national as BOOL)   as is_national,
        cast(year as INT64)         as year,
        cast(ingested_at as TIMESTAMP) as ingested_at
    from source
)

select * from renamed;


[0m00:43:00.726423 [debug] [Thread-1 (]: Opening a new connection, currently in state init
[0m00:43:00.726423 [debug] [Thread-3 (]: On model.pedestrian_dbt.stg_sensor_locations: /* {"app": "dbt", "dbt_version": "1.11.11", "profile_name": "pedestrian_dbt", "target_name": "dev", "node_id": "model.pedestrian_dbt.stg_sensor_locations"} */


  create or replace view `melbourne-pedestrian-pipeline`.`staging`.`stg_sensor_locations`
  OPTIONS()
  as with source as (
    select * from `melbourne-pedestrian-pipeline`.`raw`.`sensor_locations`
),
 
renamed as (
    select
        cast(location_id as INT64)          as location_id,
        cast(sensor_description as STRING)  as sensor_description,
        cast(sensor_name as STRING)         as sensor_name,
        cast(installation_date as DATE)     as installation_date,
        cast(note as STRING)                as note,
        cast(location_type as STRING)       as location_type,
        cast(status as STRING)              as status,
        cast(direction_1 as STRING)         as direction_1_name,
        cast(direction_2 as STRING)         as direction_2_name,
        cast(latitude as FLOAT64)           as latitude,
        cast(longitude as FLOAT64)          as longitude,
        cast(ingested_at as TIMESTAMP)      as ingested_at
    from source
)
 
select * from renamed;


[0m00:43:00.727863 [debug] [Thread-4 (]: On model.pedestrian_dbt.stg_weather_hourly: /* {"app": "dbt", "dbt_version": "1.11.11", "profile_name": "pedestrian_dbt", "target_name": "dev", "node_id": "model.pedestrian_dbt.stg_weather_hourly"} */


  create or replace view `melbourne-pedestrian-pipeline`.`staging`.`stg_weather_hourly`
  OPTIONS()
  as with source as (
    select * from `melbourne-pedestrian-pipeline`.`raw`.`weather_hourly`
),

renamed as (
    select
        cast(datetime as TIMESTAMP)             as weather_datetime,
        cast(date as DATE)                      as weather_date,
        cast(hour as INT64)                     as hour_of_day,
        cast(temperature_2m as FLOAT64)         as temperature_c,
        cast(precipitation as FLOAT64)          as precipitation_mm,
        cast(windspeed_10m as FLOAT64)          as windspeed_ms,
        cast(relativehumidity_2m as FLOAT64)    as humidity_pct,
        cast(ingested_at as TIMESTAMP)          as ingested_at
    from source
)

select * from renamed;


[0m00:43:00.728860 [debug] [Thread-2 (]: Opening a new connection, currently in state init
[0m00:43:00.767768 [debug] [Thread-3 (]: Opening a new connection, currently in state init
[0m00:43:00.768769 [debug] [Thread-4 (]: Opening a new connection, currently in state init
[0m00:43:02.956537 [debug] [Thread-4 (]: BigQuery adapter: https://console.cloud.google.com/bigquery?project=melbourne-pedestrian-pipeline&j=bq:US:4fd588af-d539-4899-b73b-21697ca616ac&page=queryresults
[0m00:43:02.969966 [debug] [Thread-2 (]: BigQuery adapter: https://console.cloud.google.com/bigquery?project=melbourne-pedestrian-pipeline&j=bq:US:1a95851d-faf6-4201-94e3-8d4785c3250d&page=queryresults
[0m00:43:02.999515 [debug] [Thread-3 (]: BigQuery adapter: https://console.cloud.google.com/bigquery?project=melbourne-pedestrian-pipeline&j=bq:US:fd9e31a4-0c93-48e5-9af4-bbae6d83ba99&page=queryresults
[0m00:43:03.052049 [debug] [Thread-1 (]: BigQuery adapter: https://console.cloud.google.com/bigquery?project=melbourne-pedestrian-pipeline&j=bq:US:ab72a8af-1e9b-4b0d-9059-448d443190f3&page=queryresults
[0m00:43:03.700782 [debug] [Thread-2 (]: SQL status: OK in 0.730 seconds
[0m00:43:03.782674 [debug] [Thread-4 (]: SQL status: OK in 0.825 seconds
[0m00:43:03.783672 [debug] [Thread-3 (]: SQL status: OK in 0.783 seconds
[0m00:43:03.816573 [debug] [Thread-1 (]: SQL status: OK in 0.764 seconds
[0m00:43:03.902933 [debug] [Thread-2 (]: Sending event: {'category': 'dbt', 'action': 'run_model', 'label': 'df7a73ce-afba-4e2a-9958-46d3dc9beeb0', 'context': [<snowplow_tracker.self_describing_json.SelfDescribingJson object at 0x000001DB49588990>]}
[0m00:43:03.902933 [debug] [Thread-4 (]: Sending event: {'category': 'dbt', 'action': 'run_model', 'label': 'df7a73ce-afba-4e2a-9958-46d3dc9beeb0', 'context': [<snowplow_tracker.self_describing_json.SelfDescribingJson object at 0x000001DB49E25DD0>]}
[0m00:43:03.903928 [debug] [Thread-3 (]: Sending event: {'category': 'dbt', 'action': 'run_model', 'label': 'df7a73ce-afba-4e2a-9958-46d3dc9beeb0', 'context': [<snowplow_tracker.self_describing_json.SelfDescribingJson object at 0x000001DB49E27890>]}
[0m00:43:03.903928 [debug] [Thread-1 (]: Sending event: {'category': 'dbt', 'action': 'run_model', 'label': 'df7a73ce-afba-4e2a-9958-46d3dc9beeb0', 'context': [<snowplow_tracker.self_describing_json.SelfDescribingJson object at 0x000001DB49BD3F10>]}
[0m00:43:03.904886 [info ] [Thread-2 (]: 2 of 7 OK created sql view model staging.stg_public_holidays ................... [[32mCREATE VIEW (0 processed)[0m in 3.25s]
[0m00:43:03.906111 [info ] [Thread-4 (]: 4 of 7 OK created sql view model staging.stg_weather_hourly .................... [[32mCREATE VIEW (0 processed)[0m in 3.25s]
[0m00:43:03.906793 [info ] [Thread-3 (]: 3 of 7 OK created sql view model staging.stg_sensor_locations .................. [[32mCREATE VIEW (0 processed)[0m in 3.25s]
[0m00:43:03.909266 [debug] [Thread-2 (]: Finished running node model.pedestrian_dbt.stg_public_holidays
[0m00:43:03.908672 [info ] [Thread-1 (]: 1 of 7 OK created sql view model staging.stg_pedestrian_counts ................. [[32mCREATE VIEW (0 processed)[0m in 3.26s]
[0m00:43:03.909932 [debug] [Thread-4 (]: Finished running node model.pedestrian_dbt.stg_weather_hourly
[0m00:43:03.910809 [debug] [Thread-3 (]: Finished running node model.pedestrian_dbt.stg_sensor_locations
[0m00:43:03.912782 [debug] [Thread-1 (]: Finished running node model.pedestrian_dbt.stg_pedestrian_counts
[0m00:43:03.913781 [debug] [Thread-2 (]: Began running node model.pedestrian_dbt.int_pedestrian_enriched
[0m00:43:03.914781 [info ] [Thread-2 (]: 5 of 7 START sql view model staging.int_pedestrian_enriched .................... [RUN]
[0m00:43:03.915784 [debug] [Thread-2 (]: Re-using an available connection from the pool (formerly model.pedestrian_dbt.stg_public_holidays, now model.pedestrian_dbt.int_pedestrian_enriched)
[0m00:43:03.916785 [debug] [Thread-2 (]: Began compiling node model.pedestrian_dbt.int_pedestrian_enriched
[0m00:43:03.921948 [debug] [Thread-2 (]: Writing injected SQL for node "model.pedestrian_dbt.int_pedestrian_enriched"
[0m00:43:03.923953 [debug] [Thread-2 (]: Began executing node model.pedestrian_dbt.int_pedestrian_enriched
[0m00:43:03.929062 [debug] [Thread-2 (]: Writing runtime sql for node "model.pedestrian_dbt.int_pedestrian_enriched"
[0m00:43:03.930579 [debug] [Thread-2 (]: On model.pedestrian_dbt.int_pedestrian_enriched: /* {"app": "dbt", "dbt_version": "1.11.11", "profile_name": "pedestrian_dbt", "target_name": "dev", "node_id": "model.pedestrian_dbt.int_pedestrian_enriched"} */


  create or replace view `melbourne-pedestrian-pipeline`.`staging`.`int_pedestrian_enriched`
  OPTIONS()
  as with pedestrian as (
    select * from `melbourne-pedestrian-pipeline`.`staging`.`stg_pedestrian_counts`
),

weather as (
    select * from `melbourne-pedestrian-pipeline`.`staging`.`stg_weather_hourly`
),

holidays as (
    select * from `melbourne-pedestrian-pipeline`.`staging`.`stg_public_holidays`
),

sensors as (
    select * from `melbourne-pedestrian-pipeline`.`staging`.`stg_sensor_locations`
),

-- Join pedestrian dengan weather berdasarkan tanggal dan jam
joined as (
    select
        -- Identifiers
        p.pedestrian_id,
        p.location_id,
        p.sensor_name,

        -- Waktu
        p.sensing_datetime,
        p.sensing_date,
        p.hour_of_day,

        -- Dimensi waktu (feature engineering)
        extract(dayofweek from p.sensing_date)  as day_of_week,   -- 1=Sunday, 7=Saturday
        extract(month from p.sensing_date)      as month,
        extract(year from p.sensing_date)       as year,
        extract(quarter from p.sensing_date)    as quarter,
        case
            when extract(dayofweek from p.sensing_date) in (1, 7) then true
            else false
        end                                     as is_weekend,

        -- Target variable
        p.pedestrian_count,
        p.direction_1_count,
        p.direction_2_count,

        -- Lokasi sensor
        p.latitude,
        p.longitude,
        s.sensor_description,
        s.direction_1_name,
        s.direction_2_name,

        -- Cuaca (left join karena ada lag)
        w.temperature_c,
        w.precipitation_mm,
        w.windspeed_ms,
        w.humidity_pct,

        -- Holiday flag
        case
            when h.holiday_date is not null then true
            else false
        end                                     as is_public_holiday,
        h.holiday_name

    from pedestrian p
    left join weather w
        on p.sensing_date = w.weather_date
        and p.hour_of_day = w.hour_of_day
    left join holidays h
        on p.sensing_date = h.holiday_date
    left join sensors s
        on p.location_id = s.sensor_id
)

select * from joined;


[0m00:43:03.931580 [debug] [Thread-2 (]: Opening a new connection, currently in state closed
[0m00:43:05.799698 [debug] [Thread-2 (]: BigQuery adapter: https://console.cloud.google.com/bigquery?project=melbourne-pedestrian-pipeline&j=bq:US:3285b530-eebb-49f0-97ad-6b70ecfe3454&page=queryresults
[0m00:43:06.165431 [error] [Thread-2 (]: BigQuery adapter: https://console.cloud.google.com/bigquery?project=melbourne-pedestrian-pipeline&j=bq:US:3285b530-eebb-49f0-97ad-6b70ecfe3454&page=queryresults
[0m00:43:06.175862 [debug] [Thread-2 (]: Database Error in model int_pedestrian_enriched (models\intermediate\int_pedestrian_enriched.sql)
  Name sensor_id not found inside s at [77:30]
  compiled code at target\run\pedestrian_dbt\models\intermediate\int_pedestrian_enriched.sql
[0m00:43:06.175862 [debug] [Thread-2 (]: Sending event: {'category': 'dbt', 'action': 'run_model', 'label': 'df7a73ce-afba-4e2a-9958-46d3dc9beeb0', 'context': [<snowplow_tracker.self_describing_json.SelfDescribingJson object at 0x000001DB4B487590>]}
[0m00:43:06.176863 [error] [Thread-2 (]: 5 of 7 ERROR creating sql view model staging.int_pedestrian_enriched ........... [[31mERROR[0m in 2.26s]
[0m00:43:06.177865 [debug] [Thread-2 (]: Finished running node model.pedestrian_dbt.int_pedestrian_enriched
[0m00:43:06.180260 [debug] [Thread-7 (]: Marking all children of 'model.pedestrian_dbt.int_pedestrian_enriched' to be skipped because of status 'error'.  Reason: Database Error in model int_pedestrian_enriched (models\intermediate\int_pedestrian_enriched.sql)
  Name sensor_id not found inside s at [77:30]
  compiled code at target\run\pedestrian_dbt\models\intermediate\int_pedestrian_enriched.sql.
[0m00:43:06.181468 [debug] [Thread-3 (]: Began running node model.pedestrian_dbt.mart_pedestrian_hourly
[0m00:43:06.182263 [info ] [Thread-3 (]: 6 of 7 SKIP relation staging.mart_pedestrian_hourly ............................ [[33mSKIP[0m]
[0m00:43:06.183224 [debug] [Thread-3 (]: Finished running node model.pedestrian_dbt.mart_pedestrian_hourly
[0m00:43:06.185086 [debug] [Thread-4 (]: Began running node model.pedestrian_dbt.mart_pedestrian_daily
[0m00:43:06.186122 [info ] [Thread-4 (]: 7 of 7 SKIP relation staging.mart_pedestrian_daily ............................. [[33mSKIP[0m]
[0m00:43:06.187085 [debug] [Thread-4 (]: Finished running node model.pedestrian_dbt.mart_pedestrian_daily
[0m00:43:06.189092 [debug] [MainThread]: Opening a new connection, currently in state closed
[0m00:43:06.241475 [debug] [MainThread]: Connection 'master' was properly closed.
[0m00:43:06.243478 [debug] [MainThread]: Connection 'list_melbourne-pedestrian-pipeline' was properly closed.
[0m00:43:06.245616 [debug] [MainThread]: Connection 'list_melbourne-pedestrian-pipeline_staging' was properly closed.
[0m00:43:06.247154 [debug] [MainThread]: Connection 'model.pedestrian_dbt.stg_pedestrian_counts' was properly closed.
[0m00:43:06.249137 [debug] [MainThread]: Connection 'model.pedestrian_dbt.int_pedestrian_enriched' was properly closed.
[0m00:43:06.249137 [debug] [MainThread]: Connection 'model.pedestrian_dbt.stg_sensor_locations' was properly closed.
[0m00:43:06.250134 [debug] [MainThread]: Connection 'model.pedestrian_dbt.stg_weather_hourly' was properly closed.
[0m00:43:06.251134 [info ] [MainThread]: 
[0m00:43:06.253133 [info ] [MainThread]: Finished running 2 table models, 5 view models in 0 hours 0 minutes and 8.80 seconds (8.80s).
[0m00:43:06.256172 [debug] [MainThread]: Command end result
[0m00:43:06.322678 [debug] [MainThread]: Wrote artifact WritableManifest to C:\Adit\Tugas\teknologi big data\pedestrian-forecasting\pedestrian-dbt\target\manifest.json
[0m00:43:06.325723 [debug] [MainThread]: Wrote artifact SemanticManifest to C:\Adit\Tugas\teknologi big data\pedestrian-forecasting\pedestrian-dbt\target\semantic_manifest.json
[0m00:43:06.338760 [debug] [MainThread]: Wrote artifact RunExecutionResult to C:\Adit\Tugas\teknologi big data\pedestrian-forecasting\pedestrian-dbt\target\run_results.json
[0m00:43:06.338760 [info ] [MainThread]: 
[0m00:43:06.340761 [info ] [MainThread]: [31mCompleted with 1 error, 0 partial successes, and 0 warnings:[0m
[0m00:43:06.341760 [info ] [MainThread]: 
[0m00:43:06.343758 [error] [MainThread]: [31mFailure in model int_pedestrian_enriched (models\intermediate\int_pedestrian_enriched.sql)[0m
[0m00:43:06.345761 [error] [MainThread]:   Database Error in model int_pedestrian_enriched (models\intermediate\int_pedestrian_enriched.sql)
  Name sensor_id not found inside s at [77:30]
  compiled code at target\run\pedestrian_dbt\models\intermediate\int_pedestrian_enriched.sql
[0m00:43:06.347763 [info ] [MainThread]: 
[0m00:43:06.350759 [info ] [MainThread]:   compiled code at target\compiled\pedestrian_dbt\models\intermediate\int_pedestrian_enriched.sql
[0m00:43:06.352760 [info ] [MainThread]: 
[0m00:43:06.354760 [info ] [MainThread]: Done. PASS=4 WARN=0 ERROR=1 SKIP=2 NO-OP=0 TOTAL=7
[0m00:43:06.358661 [debug] [MainThread]: Command `dbt run` failed at 00:43:06.358661 after 12.22 seconds
[0m00:43:06.359658 [debug] [MainThread]: Sending event: {'category': 'dbt', 'action': 'invocation', 'label': 'end', 'context': [<snowplow_tracker.self_describing_json.SelfDescribingJson object at 0x000001DB3027E890>, <snowplow_tracker.self_describing_json.SelfDescribingJson object at 0x000001DB36FDF690>, <snowplow_tracker.self_describing_json.SelfDescribingJson object at 0x000001DB36F32350>]}
[0m00:43:06.360660 [debug] [MainThread]: Flushing usage events
[0m00:43:08.733739 [debug] [MainThread]: An error was encountered while trying to flush usage events
[0m00:43:44.943725 [debug] [MainThread]: Sending event: {'category': 'dbt', 'action': 'invocation', 'label': 'start', 'context': [<snowplow_tracker.self_describing_json.SelfDescribingJson object at 0x000002AEB3F80D10>, <snowplow_tracker.self_describing_json.SelfDescribingJson object at 0x000002AEB8A5F690>, <snowplow_tracker.self_describing_json.SelfDescribingJson object at 0x000002AEB7D1B350>]}


============================== 00:43:44.949007 | 4cfc05da-d46d-499a-8abd-ff07591bb0d0 ==============================
[0m00:43:44.949007 [info ] [MainThread]: Running with dbt=1.11.11
[0m00:43:44.950699 [debug] [MainThread]: running dbt with arguments {'version_check': 'True', 'no_print': 'None', 'static_parser': 'True', 'target_path': 'None', 'warn_error_options': 'WarnErrorOptionsV2(error=[], warn=[], silence=[])', 'printer_width': '80', 'write_json': 'True', 'introspect': 'True', 'log_cache_events': 'False', 'empty': 'False', 'cache_selected_only': 'False', 'fail_fast': 'False', 'debug': 'False', 'log_format': 'default', 'partial_parse': 'True', 'send_anonymous_usage_stats': 'True', 'quiet': 'False', 'warn_error': 'None', 'profiles_dir': 'C:\\Adit\\Tugas\\teknologi big data\\pedestrian-forecasting\\pedestrian-dbt', 'use_colors': 'True', 'indirect_selection': 'eager', 'invocation_command': 'dbt run', 'use_experimental_parser': 'False', 'log_path': 'C:\\Adit\\Tugas\\teknologi big data\\pedestrian-forecasting\\pedestrian-dbt\\logs'}
[0m00:43:46.673878 [debug] [MainThread]: Sending event: {'category': 'dbt', 'action': 'project_id', 'label': '4cfc05da-d46d-499a-8abd-ff07591bb0d0', 'context': [<snowplow_tracker.self_describing_json.SelfDescribingJson object at 0x000002AEC9326610>]}
[0m00:43:46.752650 [debug] [MainThread]: Sending event: {'category': 'dbt', 'action': 'adapter_info', 'label': '4cfc05da-d46d-499a-8abd-ff07591bb0d0', 'context': [<snowplow_tracker.self_describing_json.SelfDescribingJson object at 0x000002AEB54E5010>]}
[0m00:43:46.753651 [info ] [MainThread]: Registered adapter: bigquery=1.11.1
[0m00:43:47.387981 [debug] [MainThread]: checksum: 30a8cc8fdcbf66701b0944d4ccce3fa46dd04b61e5df68b9f16d57b2e0e3f0be, vars: {}, profile: , target: , version: 1.11.11
[0m00:43:47.589441 [debug] [MainThread]: Partial parsing enabled: 0 files deleted, 0 files added, 1 files changed.
[0m00:43:47.590392 [debug] [MainThread]: Partial parsing: updated file: pedestrian_dbt://models\intermediate\int_pedestrian_enriched.sql
[0m00:43:47.939961 [warn ] [MainThread]: [[33mWARNING[0m]: Configuration paths exist in your dbt_project.yml file which do not apply to any resources.
There are 1 unused configuration paths:
- models.pedestrian_dbt.example
[0m00:43:47.957570 [debug] [MainThread]: Sending event: {'category': 'dbt', 'action': 'load_project', 'label': '4cfc05da-d46d-499a-8abd-ff07591bb0d0', 'context': [<snowplow_tracker.self_describing_json.SelfDescribingJson object at 0x000002AECBACD5D0>]}
[0m00:43:48.092077 [debug] [MainThread]: Wrote artifact WritableManifest to C:\Adit\Tugas\teknologi big data\pedestrian-forecasting\pedestrian-dbt\target\manifest.json
[0m00:43:48.095061 [debug] [MainThread]: Wrote artifact SemanticManifest to C:\Adit\Tugas\teknologi big data\pedestrian-forecasting\pedestrian-dbt\target\semantic_manifest.json
[0m00:43:48.111780 [debug] [MainThread]: Sending event: {'category': 'dbt', 'action': 'resource_counts', 'label': '4cfc05da-d46d-499a-8abd-ff07591bb0d0', 'context': [<snowplow_tracker.self_describing_json.SelfDescribingJson object at 0x000002AEB5EE4B10>]}
[0m00:43:48.112779 [info ] [MainThread]: Found 7 models, 7 data tests, 4 sources, 549 macros
[0m00:43:48.113824 [debug] [MainThread]: Sending event: {'category': 'dbt', 'action': 'runnable_timing', 'label': '4cfc05da-d46d-499a-8abd-ff07591bb0d0', 'context': [<snowplow_tracker.self_describing_json.SelfDescribingJson object at 0x000002AEB9D7F8D0>]}
[0m00:43:48.116777 [info ] [MainThread]: 
[0m00:43:48.117776 [info ] [MainThread]: Concurrency: 4 threads (target='dev')
[0m00:43:48.118777 [info ] [MainThread]: 
[0m00:43:48.119838 [debug] [MainThread]: Acquiring new bigquery connection 'master'
[0m00:43:48.127522 [debug] [ThreadPool]: Acquiring new bigquery connection 'list_melbourne-pedestrian-pipeline'
[0m00:43:48.128523 [debug] [ThreadPool]: Opening a new connection, currently in state init
[0m00:43:49.722268 [debug] [ThreadPool]: Acquiring new bigquery connection 'list_melbourne-pedestrian-pipeline_staging'
[0m00:43:49.723131 [debug] [ThreadPool]: Opening a new connection, currently in state init
[0m00:43:51.179812 [debug] [MainThread]: Sending event: {'category': 'dbt', 'action': 'runnable_timing', 'label': '4cfc05da-d46d-499a-8abd-ff07591bb0d0', 'context': [<snowplow_tracker.self_describing_json.SelfDescribingJson object at 0x000002AEB5EF4A90>]}
[0m00:43:51.180944 [debug] [MainThread]: Opening a new connection, currently in state init
[0m00:43:51.224230 [debug] [Thread-1 (]: Began running node model.pedestrian_dbt.stg_pedestrian_counts
[0m00:43:51.225230 [debug] [Thread-2 (]: Began running node model.pedestrian_dbt.stg_public_holidays
[0m00:43:51.225230 [debug] [Thread-3 (]: Began running node model.pedestrian_dbt.stg_sensor_locations
[0m00:43:51.226274 [debug] [Thread-4 (]: Began running node model.pedestrian_dbt.stg_weather_hourly
[0m00:43:51.227265 [info ] [Thread-1 (]: 1 of 7 START sql view model staging.stg_pedestrian_counts ...................... [RUN]
[0m00:43:51.228336 [info ] [Thread-2 (]: 2 of 7 START sql view model staging.stg_public_holidays ........................ [RUN]
[0m00:43:51.229333 [info ] [Thread-3 (]: 3 of 7 START sql view model staging.stg_sensor_locations ....................... [RUN]
[0m00:43:51.230334 [info ] [Thread-4 (]: 4 of 7 START sql view model staging.stg_weather_hourly ......................... [RUN]
[0m00:43:51.231494 [debug] [Thread-1 (]: Acquiring new bigquery connection 'model.pedestrian_dbt.stg_pedestrian_counts'
[0m00:43:51.232496 [debug] [Thread-2 (]: Acquiring new bigquery connection 'model.pedestrian_dbt.stg_public_holidays'
[0m00:43:51.232496 [debug] [Thread-3 (]: Acquiring new bigquery connection 'model.pedestrian_dbt.stg_sensor_locations'
[0m00:43:51.233540 [debug] [Thread-4 (]: Acquiring new bigquery connection 'model.pedestrian_dbt.stg_weather_hourly'
[0m00:43:51.234499 [debug] [Thread-1 (]: Began compiling node model.pedestrian_dbt.stg_pedestrian_counts
[0m00:43:51.235495 [debug] [Thread-2 (]: Began compiling node model.pedestrian_dbt.stg_public_holidays
[0m00:43:51.236497 [debug] [Thread-3 (]: Began compiling node model.pedestrian_dbt.stg_sensor_locations
[0m00:43:51.236497 [debug] [Thread-4 (]: Began compiling node model.pedestrian_dbt.stg_weather_hourly
[0m00:43:51.247199 [debug] [Thread-1 (]: Writing injected SQL for node "model.pedestrian_dbt.stg_pedestrian_counts"
[0m00:43:51.250911 [debug] [Thread-2 (]: Writing injected SQL for node "model.pedestrian_dbt.stg_public_holidays"
[0m00:43:51.253910 [debug] [Thread-3 (]: Writing injected SQL for node "model.pedestrian_dbt.stg_sensor_locations"
[0m00:43:51.256688 [debug] [Thread-4 (]: Writing injected SQL for node "model.pedestrian_dbt.stg_weather_hourly"
[0m00:43:51.258592 [debug] [Thread-1 (]: Began executing node model.pedestrian_dbt.stg_pedestrian_counts
[0m00:43:51.259406 [debug] [Thread-2 (]: Began executing node model.pedestrian_dbt.stg_public_holidays
[0m00:43:51.302916 [debug] [Thread-1 (]: Writing runtime sql for node "model.pedestrian_dbt.stg_pedestrian_counts"
[0m00:43:51.302916 [debug] [Thread-3 (]: Began executing node model.pedestrian_dbt.stg_sensor_locations
[0m00:43:51.303913 [debug] [Thread-4 (]: Began executing node model.pedestrian_dbt.stg_weather_hourly
[0m00:43:51.307964 [debug] [Thread-2 (]: Writing runtime sql for node "model.pedestrian_dbt.stg_public_holidays"
[0m00:43:51.312002 [debug] [Thread-3 (]: Writing runtime sql for node "model.pedestrian_dbt.stg_sensor_locations"
[0m00:43:51.316041 [debug] [Thread-4 (]: Writing runtime sql for node "model.pedestrian_dbt.stg_weather_hourly"
[0m00:43:51.317003 [debug] [Thread-1 (]: On model.pedestrian_dbt.stg_pedestrian_counts: /* {"app": "dbt", "dbt_version": "1.11.11", "profile_name": "pedestrian_dbt", "target_name": "dev", "node_id": "model.pedestrian_dbt.stg_pedestrian_counts"} */


  create or replace view `melbourne-pedestrian-pipeline`.`staging`.`stg_pedestrian_counts`
  OPTIONS()
  as with source as (
    select * from `melbourne-pedestrian-pipeline`.`raw`.`pedestrian_counts`
),

renamed as (
    select
        cast(id as INT64)                           as pedestrian_id,
        cast(location_id as INT64)                  as location_id,
        cast(sensor_name as STRING)                 as sensor_name,
        cast(sensing_date as DATE)                  as sensing_date,
        cast(hourday as INT64)                      as hour_of_day,
        cast(sensing_datetime as TIMESTAMP)         as sensing_datetime,
        cast(direction_1 as INT64)                  as direction_1_count,
        cast(direction_2 as INT64)                  as direction_2_count,
        cast(pedestriancount as INT64)              as pedestrian_count,
        cast(lon as FLOAT64)                        as longitude,
        cast(lat as FLOAT64)                        as latitude,
        cast(ingested_at as TIMESTAMP)              as ingested_at
    from source
)

select * from renamed;


[0m00:43:51.318001 [debug] [Thread-2 (]: On model.pedestrian_dbt.stg_public_holidays: /* {"app": "dbt", "dbt_version": "1.11.11", "profile_name": "pedestrian_dbt", "target_name": "dev", "node_id": "model.pedestrian_dbt.stg_public_holidays"} */


  create or replace view `melbourne-pedestrian-pipeline`.`staging`.`stg_public_holidays`
  OPTIONS()
  as with source as (
    select * from `melbourne-pedestrian-pipeline`.`raw`.`public_holidays`
),

renamed as (
    select
        cast(date as DATE)          as holiday_date,
        cast(name as STRING)        as holiday_name,
        cast(is_national as BOOL)   as is_national,
        cast(year as INT64)         as year,
        cast(ingested_at as TIMESTAMP) as ingested_at
    from source
)

select * from renamed;


[0m00:43:51.320004 [debug] [Thread-3 (]: On model.pedestrian_dbt.stg_sensor_locations: /* {"app": "dbt", "dbt_version": "1.11.11", "profile_name": "pedestrian_dbt", "target_name": "dev", "node_id": "model.pedestrian_dbt.stg_sensor_locations"} */


  create or replace view `melbourne-pedestrian-pipeline`.`staging`.`stg_sensor_locations`
  OPTIONS()
  as with source as (
    select * from `melbourne-pedestrian-pipeline`.`raw`.`sensor_locations`
),
 
renamed as (
    select
        cast(location_id as INT64)          as location_id,
        cast(sensor_description as STRING)  as sensor_description,
        cast(sensor_name as STRING)         as sensor_name,
        cast(installation_date as DATE)     as installation_date,
        cast(note as STRING)                as note,
        cast(location_type as STRING)       as location_type,
        cast(status as STRING)              as status,
        cast(direction_1 as STRING)         as direction_1_name,
        cast(direction_2 as STRING)         as direction_2_name,
        cast(latitude as FLOAT64)           as latitude,
        cast(longitude as FLOAT64)          as longitude,
        cast(ingested_at as TIMESTAMP)      as ingested_at
    from source
)
 
select * from renamed;


[0m00:43:51.320635 [debug] [Thread-1 (]: Opening a new connection, currently in state init
[0m00:43:51.321250 [debug] [Thread-2 (]: Opening a new connection, currently in state init
[0m00:43:51.321765 [debug] [Thread-4 (]: On model.pedestrian_dbt.stg_weather_hourly: /* {"app": "dbt", "dbt_version": "1.11.11", "profile_name": "pedestrian_dbt", "target_name": "dev", "node_id": "model.pedestrian_dbt.stg_weather_hourly"} */


  create or replace view `melbourne-pedestrian-pipeline`.`staging`.`stg_weather_hourly`
  OPTIONS()
  as with source as (
    select * from `melbourne-pedestrian-pipeline`.`raw`.`weather_hourly`
),

renamed as (
    select
        cast(datetime as TIMESTAMP)             as weather_datetime,
        cast(date as DATE)                      as weather_date,
        cast(hour as INT64)                     as hour_of_day,
        cast(temperature_2m as FLOAT64)         as temperature_c,
        cast(precipitation as FLOAT64)          as precipitation_mm,
        cast(windspeed_10m as FLOAT64)          as windspeed_ms,
        cast(relativehumidity_2m as FLOAT64)    as humidity_pct,
        cast(ingested_at as TIMESTAMP)          as ingested_at
    from source
)

select * from renamed;


[0m00:43:51.322765 [debug] [Thread-3 (]: Opening a new connection, currently in state init
[0m00:43:51.401638 [debug] [Thread-4 (]: Opening a new connection, currently in state init
[0m00:43:53.515882 [debug] [Thread-4 (]: BigQuery adapter: https://console.cloud.google.com/bigquery?project=melbourne-pedestrian-pipeline&j=bq:US:00a71708-887b-4344-a814-1ea5c8583220&page=queryresults
[0m00:43:53.537442 [debug] [Thread-2 (]: BigQuery adapter: https://console.cloud.google.com/bigquery?project=melbourne-pedestrian-pipeline&j=bq:US:052c28a3-447c-449a-9346-c89558530d10&page=queryresults
[0m00:43:53.548953 [debug] [Thread-1 (]: BigQuery adapter: https://console.cloud.google.com/bigquery?project=melbourne-pedestrian-pipeline&j=bq:US:576b7d09-c63a-46ef-9617-b1eee5642510&page=queryresults
[0m00:43:53.702803 [debug] [Thread-3 (]: BigQuery adapter: https://console.cloud.google.com/bigquery?project=melbourne-pedestrian-pipeline&j=bq:US:f3bf7b1c-461e-4ef4-9649-529c8e0a06c6&page=queryresults
[0m00:43:54.258049 [debug] [Thread-2 (]: SQL status: OK in 0.720 seconds
[0m00:43:54.340531 [debug] [Thread-4 (]: SQL status: OK in 0.824 seconds
[0m00:43:54.341528 [debug] [Thread-1 (]: SQL status: OK in 0.792 seconds
[0m00:43:54.445072 [debug] [Thread-3 (]: SQL status: OK in 0.741 seconds
[0m00:43:54.455581 [debug] [Thread-4 (]: Sending event: {'category': 'dbt', 'action': 'run_model', 'label': '4cfc05da-d46d-499a-8abd-ff07591bb0d0', 'context': [<snowplow_tracker.self_describing_json.SelfDescribingJson object at 0x000002AECBC71710>]}
[0m00:43:54.456765 [debug] [Thread-2 (]: Sending event: {'category': 'dbt', 'action': 'run_model', 'label': '4cfc05da-d46d-499a-8abd-ff07591bb0d0', 'context': [<snowplow_tracker.self_describing_json.SelfDescribingJson object at 0x000002AECB82B050>]}
[0m00:43:54.456765 [debug] [Thread-1 (]: Sending event: {'category': 'dbt', 'action': 'run_model', 'label': '4cfc05da-d46d-499a-8abd-ff07591bb0d0', 'context': [<snowplow_tracker.self_describing_json.SelfDescribingJson object at 0x000002AECB811A50>]}
[0m00:43:54.457768 [debug] [Thread-3 (]: Sending event: {'category': 'dbt', 'action': 'run_model', 'label': '4cfc05da-d46d-499a-8abd-ff07591bb0d0', 'context': [<snowplow_tracker.self_describing_json.SelfDescribingJson object at 0x000002AECB828490>]}
[0m00:43:54.458813 [info ] [Thread-4 (]: 4 of 7 OK created sql view model staging.stg_weather_hourly .................... [[32mCREATE VIEW (0 processed)[0m in 3.21s]
[0m00:43:54.459781 [info ] [Thread-2 (]: 2 of 7 OK created sql view model staging.stg_public_holidays ................... [[32mCREATE VIEW (0 processed)[0m in 3.21s]
[0m00:43:54.460761 [info ] [Thread-1 (]: 1 of 7 OK created sql view model staging.stg_pedestrian_counts ................. [[32mCREATE VIEW (0 processed)[0m in 3.22s]
[0m00:43:54.463058 [debug] [Thread-4 (]: Finished running node model.pedestrian_dbt.stg_weather_hourly
[0m00:43:54.461761 [info ] [Thread-3 (]: 3 of 7 OK created sql view model staging.stg_sensor_locations .................. [[32mCREATE VIEW (0 processed)[0m in 3.22s]
[0m00:43:54.464010 [debug] [Thread-2 (]: Finished running node model.pedestrian_dbt.stg_public_holidays
[0m00:43:54.465009 [debug] [Thread-1 (]: Finished running node model.pedestrian_dbt.stg_pedestrian_counts
[0m00:43:54.466028 [debug] [Thread-3 (]: Finished running node model.pedestrian_dbt.stg_sensor_locations
[0m00:43:54.468028 [debug] [Thread-4 (]: Began running node model.pedestrian_dbt.int_pedestrian_enriched
[0m00:43:54.469025 [info ] [Thread-4 (]: 5 of 7 START sql view model staging.int_pedestrian_enriched .................... [RUN]
[0m00:43:54.470030 [debug] [Thread-4 (]: Re-using an available connection from the pool (formerly model.pedestrian_dbt.stg_weather_hourly, now model.pedestrian_dbt.int_pedestrian_enriched)
[0m00:43:54.471098 [debug] [Thread-4 (]: Began compiling node model.pedestrian_dbt.int_pedestrian_enriched
[0m00:43:54.476299 [debug] [Thread-4 (]: Writing injected SQL for node "model.pedestrian_dbt.int_pedestrian_enriched"
[0m00:43:54.477837 [debug] [Thread-4 (]: Began executing node model.pedestrian_dbt.int_pedestrian_enriched
[0m00:43:54.482856 [debug] [Thread-4 (]: Writing runtime sql for node "model.pedestrian_dbt.int_pedestrian_enriched"
[0m00:43:54.483857 [debug] [Thread-4 (]: On model.pedestrian_dbt.int_pedestrian_enriched: /* {"app": "dbt", "dbt_version": "1.11.11", "profile_name": "pedestrian_dbt", "target_name": "dev", "node_id": "model.pedestrian_dbt.int_pedestrian_enriched"} */


  create or replace view `melbourne-pedestrian-pipeline`.`staging`.`int_pedestrian_enriched`
  OPTIONS()
  as with pedestrian as (
    select * from `melbourne-pedestrian-pipeline`.`staging`.`stg_pedestrian_counts`
),
 
weather as (
    select * from `melbourne-pedestrian-pipeline`.`staging`.`stg_weather_hourly`
),
 
holidays as (
    select * from `melbourne-pedestrian-pipeline`.`staging`.`stg_public_holidays`
),
 
sensors as (
    select * from `melbourne-pedestrian-pipeline`.`staging`.`stg_sensor_locations`
),
 
-- Join pedestrian dengan weather berdasarkan tanggal dan jam
joined as (
    select
        -- Identifiers
        p.pedestrian_id,
        p.location_id,
        p.sensor_name,
 
        -- Waktu
        p.sensing_datetime,
        p.sensing_date,
        p.hour_of_day,
 
        -- Dimensi waktu (feature engineering)
        extract(dayofweek from p.sensing_date)  as day_of_week,   -- 1=Sunday, 7=Saturday
        extract(month from p.sensing_date)      as month,
        extract(year from p.sensing_date)       as year,
        extract(quarter from p.sensing_date)    as quarter,
        case
            when extract(dayofweek from p.sensing_date) in (1, 7) then true
            else false
        end                                     as is_weekend,
 
        -- Target variable
        p.pedestrian_count,
        p.direction_1_count,
        p.direction_2_count,
 
        -- Lokasi sensor
        p.latitude,
        p.longitude,
        s.sensor_description,
        s.direction_1_name,
        s.direction_2_name,
 
        -- Cuaca (left join karena ada lag)
        w.temperature_c,
        w.precipitation_mm,
        w.windspeed_ms,
        w.humidity_pct,
 
        -- Holiday flag
        case
            when h.holiday_date is not null then true
            else false
        end                                     as is_public_holiday,
        h.holiday_name
 
    from pedestrian p
    left join weather w
        on p.sensing_date = w.weather_date
        and p.hour_of_day = w.hour_of_day
    left join holidays h
        on p.sensing_date = h.holiday_date
    left join sensors s
        on p.location_id = s.location_id
)
 
select * from joined;


[0m00:43:54.484855 [debug] [Thread-4 (]: Opening a new connection, currently in state closed
[0m00:43:56.281300 [debug] [Thread-4 (]: BigQuery adapter: https://console.cloud.google.com/bigquery?project=melbourne-pedestrian-pipeline&j=bq:US:7a2e07cd-03ba-4a6f-8683-9e7980570d43&page=queryresults
[0m00:43:57.060162 [debug] [Thread-4 (]: SQL status: OK in 0.778 seconds
[0m00:43:57.064669 [debug] [Thread-4 (]: Sending event: {'category': 'dbt', 'action': 'run_model', 'label': '4cfc05da-d46d-499a-8abd-ff07591bb0d0', 'context': [<snowplow_tracker.self_describing_json.SelfDescribingJson object at 0x000002AECB812750>]}
[0m00:43:57.065667 [info ] [Thread-4 (]: 5 of 7 OK created sql view model staging.int_pedestrian_enriched ............... [[32mCREATE VIEW (0 processed)[0m in 2.60s]
[0m00:43:57.066713 [debug] [Thread-4 (]: Finished running node model.pedestrian_dbt.int_pedestrian_enriched
[0m00:43:57.068046 [debug] [Thread-1 (]: Began running node model.pedestrian_dbt.mart_pedestrian_hourly
[0m00:43:57.069058 [info ] [Thread-1 (]: 6 of 7 START sql table model staging.mart_pedestrian_hourly .................... [RUN]
[0m00:43:57.070056 [debug] [Thread-1 (]: Re-using an available connection from the pool (formerly model.pedestrian_dbt.stg_pedestrian_counts, now model.pedestrian_dbt.mart_pedestrian_hourly)
[0m00:43:57.070056 [debug] [Thread-1 (]: Began compiling node model.pedestrian_dbt.mart_pedestrian_hourly
[0m00:43:57.075198 [debug] [Thread-1 (]: Writing injected SQL for node "model.pedestrian_dbt.mart_pedestrian_hourly"
[0m00:43:57.076903 [debug] [Thread-1 (]: Began executing node model.pedestrian_dbt.mart_pedestrian_hourly
[0m00:43:57.121700 [debug] [Thread-1 (]: Writing runtime sql for node "model.pedestrian_dbt.mart_pedestrian_hourly"
[0m00:43:57.123373 [debug] [Thread-1 (]: On model.pedestrian_dbt.mart_pedestrian_hourly: /* {"app": "dbt", "dbt_version": "1.11.11", "profile_name": "pedestrian_dbt", "target_name": "dev", "node_id": "model.pedestrian_dbt.mart_pedestrian_hourly"} */

  
    

    create or replace table `melbourne-pedestrian-pipeline`.`staging`.`mart_pedestrian_hourly`
      
    partition by date_trunc(sensing_date, month)
    cluster by location_id, sensor_name

    
    OPTIONS()
    as (
      

-- Mart utama: data per jam per sensor, siap untuk Power BI dan forecasting
select
    -- Keys
    pedestrian_id,
    location_id,
    sensor_name,
    sensor_description,

    -- Waktu
    sensing_datetime,
    sensing_date,
    hour_of_day,
    day_of_week,
    month,
    year,
    quarter,
    is_weekend,
    is_public_holiday,
    holiday_name,

    -- Counts
    pedestrian_count,
    direction_1_count,
    direction_2_count,

    -- Lokasi
    latitude,
    longitude,
    direction_1_name,
    direction_2_name,

    -- Cuaca
    temperature_c,
    precipitation_mm,
    windspeed_ms,
    humidity_pct

from `melbourne-pedestrian-pipeline`.`staging`.`int_pedestrian_enriched`
    );
  
[0m00:43:57.124413 [debug] [Thread-1 (]: Opening a new connection, currently in state closed
[0m00:43:59.018547 [debug] [Thread-1 (]: BigQuery adapter: https://console.cloud.google.com/bigquery?project=melbourne-pedestrian-pipeline&j=bq:US:3e2290cb-ddca-4d6d-b059-3573c2fac09e&page=queryresults
[0m00:44:01.731456 [debug] [Thread-1 (]: SQL status: OK in 2.712 seconds
[0m00:44:02.161225 [debug] [Thread-1 (]: Sending event: {'category': 'dbt', 'action': 'run_model', 'label': '4cfc05da-d46d-499a-8abd-ff07591bb0d0', 'context': [<snowplow_tracker.self_describing_json.SelfDescribingJson object at 0x000002AECBAD6AD0>]}
[0m00:44:02.162227 [info ] [Thread-1 (]: 6 of 7 OK created sql table model staging.mart_pedestrian_hourly ............... [[32mCREATE TABLE (4.7k rows, 503.8 KiB processed)[0m in 5.09s]
[0m00:44:02.163944 [debug] [Thread-1 (]: Finished running node model.pedestrian_dbt.mart_pedestrian_hourly
[0m00:44:02.164945 [debug] [Thread-2 (]: Began running node model.pedestrian_dbt.mart_pedestrian_daily
[0m00:44:02.165943 [info ] [Thread-2 (]: 7 of 7 START sql table model staging.mart_pedestrian_daily ..................... [RUN]
[0m00:44:02.166945 [debug] [Thread-2 (]: Re-using an available connection from the pool (formerly model.pedestrian_dbt.stg_public_holidays, now model.pedestrian_dbt.mart_pedestrian_daily)
[0m00:44:02.166945 [debug] [Thread-2 (]: Began compiling node model.pedestrian_dbt.mart_pedestrian_daily
[0m00:44:02.171982 [debug] [Thread-2 (]: Writing injected SQL for node "model.pedestrian_dbt.mart_pedestrian_daily"
[0m00:44:02.172983 [debug] [Thread-2 (]: Began executing node model.pedestrian_dbt.mart_pedestrian_daily
[0m00:44:02.177466 [debug] [Thread-2 (]: Writing runtime sql for node "model.pedestrian_dbt.mart_pedestrian_daily"
[0m00:44:02.178466 [debug] [Thread-2 (]: On model.pedestrian_dbt.mart_pedestrian_daily: /* {"app": "dbt", "dbt_version": "1.11.11", "profile_name": "pedestrian_dbt", "target_name": "dev", "node_id": "model.pedestrian_dbt.mart_pedestrian_daily"} */

  
    

    create or replace table `melbourne-pedestrian-pipeline`.`staging`.`mart_pedestrian_daily`
      
    partition by date_trunc(sensing_date, month)
    cluster by location_id

    
    OPTIONS()
    as (
      

-- Mart agregasi harian per sensor (untuk trend dashboard)
select
    location_id,
    sensor_name,
    sensor_description,
    sensing_date,
    day_of_week,
    month,
    year,
    quarter,
    is_weekend,
    is_public_holiday,
    holiday_name,
    latitude,
    longitude,

    -- Agregasi harian
    sum(pedestrian_count)           as daily_total,
    avg(pedestrian_count)           as hourly_avg,
    max(pedestrian_count)           as peak_hourly_count,
    min(pedestrian_count)           as min_hourly_count,

    -- Peak hour
    max_by(hour_of_day, pedestrian_count) as peak_hour,

    -- Cuaca rata-rata harian
    avg(temperature_c)              as avg_temperature_c,
    sum(precipitation_mm)           as total_precipitation_mm,
    avg(windspeed_ms)               as avg_windspeed_ms,
    avg(humidity_pct)               as avg_humidity_pct

from `melbourne-pedestrian-pipeline`.`staging`.`mart_pedestrian_hourly`
group by
    location_id, sensor_name, sensor_description,
    sensing_date, day_of_week, month, year, quarter,
    is_weekend, is_public_holiday, holiday_name,
    latitude, longitude
    );
  
[0m00:44:02.179468 [debug] [Thread-2 (]: Opening a new connection, currently in state closed
[0m00:44:03.964010 [debug] [Thread-2 (]: BigQuery adapter: https://console.cloud.google.com/bigquery?project=melbourne-pedestrian-pipeline&j=bq:US:1e75fd09-9047-4a3b-acfc-675752ec0b42&page=queryresults
[0m00:44:07.297067 [debug] [Thread-2 (]: SQL status: OK in 3.332 seconds
[0m00:44:07.705093 [debug] [Thread-2 (]: Sending event: {'category': 'dbt', 'action': 'run_model', 'label': '4cfc05da-d46d-499a-8abd-ff07591bb0d0', 'context': [<snowplow_tracker.self_describing_json.SelfDescribingJson object at 0x000002AECD309E90>]}
[0m00:44:07.706095 [info ] [Thread-2 (]: 7 of 7 OK created sql table model staging.mart_pedestrian_daily ................ [[32mCREATE TABLE (296.0 rows, 563.2 KiB processed)[0m in 5.54s]
[0m00:44:07.707266 [debug] [Thread-2 (]: Finished running node model.pedestrian_dbt.mart_pedestrian_daily
[0m00:44:07.709214 [debug] [MainThread]: Opening a new connection, currently in state closed
[0m00:44:07.748162 [debug] [MainThread]: Connection 'master' was properly closed.
[0m00:44:07.749159 [debug] [MainThread]: Connection 'list_melbourne-pedestrian-pipeline' was properly closed.
[0m00:44:07.750124 [debug] [MainThread]: Connection 'list_melbourne-pedestrian-pipeline_staging' was properly closed.
[0m00:44:07.750135 [debug] [MainThread]: Connection 'model.pedestrian_dbt.mart_pedestrian_hourly' was properly closed.
[0m00:44:07.750691 [debug] [MainThread]: Connection 'model.pedestrian_dbt.mart_pedestrian_daily' was properly closed.
[0m00:44:07.750691 [debug] [MainThread]: Connection 'model.pedestrian_dbt.stg_sensor_locations' was properly closed.
[0m00:44:07.751690 [debug] [MainThread]: Connection 'model.pedestrian_dbt.int_pedestrian_enriched' was properly closed.
[0m00:44:07.751690 [info ] [MainThread]: 
[0m00:44:07.752734 [info ] [MainThread]: Finished running 2 table models, 5 view models in 0 hours 0 minutes and 19.63 seconds (19.63s).
[0m00:44:07.755031 [debug] [MainThread]: Command end result
[0m00:44:07.802738 [debug] [MainThread]: Wrote artifact WritableManifest to C:\Adit\Tugas\teknologi big data\pedestrian-forecasting\pedestrian-dbt\target\manifest.json
[0m00:44:07.805975 [debug] [MainThread]: Wrote artifact SemanticManifest to C:\Adit\Tugas\teknologi big data\pedestrian-forecasting\pedestrian-dbt\target\semantic_manifest.json
[0m00:44:07.814124 [debug] [MainThread]: Wrote artifact RunExecutionResult to C:\Adit\Tugas\teknologi big data\pedestrian-forecasting\pedestrian-dbt\target\run_results.json
[0m00:44:07.815127 [info ] [MainThread]: 
[0m00:44:07.816470 [info ] [MainThread]: [32mCompleted successfully[0m
[0m00:44:07.816470 [info ] [MainThread]: 
[0m00:44:07.817472 [info ] [MainThread]: Done. PASS=7 WARN=0 ERROR=0 SKIP=0 NO-OP=0 TOTAL=7
[0m00:44:07.819472 [debug] [MainThread]: Command `dbt run` succeeded at 00:44:07.819472 after 22.97 seconds
[0m00:44:07.820490 [debug] [MainThread]: Sending event: {'category': 'dbt', 'action': 'invocation', 'label': 'end', 'context': [<snowplow_tracker.self_describing_json.SelfDescribingJson object at 0x000002AEB204E890>, <snowplow_tracker.self_describing_json.SelfDescribingJson object at 0x000002AEB8D01E90>, <snowplow_tracker.self_describing_json.SelfDescribingJson object at 0x000002AEB230CDD0>]}
[0m00:44:07.821009 [debug] [MainThread]: Flushing usage events
[0m00:44:10.360094 [debug] [MainThread]: An error was encountered while trying to flush usage events
[0m00:44:37.848617 [debug] [MainThread]: Sending event: {'category': 'dbt', 'action': 'invocation', 'label': 'start', 'context': [<snowplow_tracker.self_describing_json.SelfDescribingJson object at 0x0000015F52F2E3D0>, <snowplow_tracker.self_describing_json.SelfDescribingJson object at 0x0000015F51DDD010>, <snowplow_tracker.self_describing_json.SelfDescribingJson object at 0x0000015F50340310>]}


============================== 00:44:37.853656 | a72f348a-682d-42c8-9270-287ecf7442e4 ==============================
[0m00:44:37.853656 [info ] [MainThread]: Running with dbt=1.11.11
[0m00:44:37.854652 [debug] [MainThread]: running dbt with arguments {'version_check': 'True', 'no_print': 'None', 'static_parser': 'True', 'target_path': 'None', 'warn_error_options': 'WarnErrorOptionsV2(error=[], warn=[], silence=[])', 'printer_width': '80', 'write_json': 'True', 'introspect': 'True', 'log_cache_events': 'False', 'empty': 'None', 'cache_selected_only': 'False', 'log_format': 'default', 'debug': 'False', 'fail_fast': 'False', 'partial_parse': 'True', 'send_anonymous_usage_stats': 'True', 'quiet': 'False', 'warn_error': 'None', 'profiles_dir': 'C:\\Adit\\Tugas\\teknologi big data\\pedestrian-forecasting\\pedestrian-dbt', 'indirect_selection': 'eager', 'invocation_command': 'dbt test', 'use_colors': 'True', 'use_experimental_parser': 'False', 'log_path': 'C:\\Adit\\Tugas\\teknologi big data\\pedestrian-forecasting\\pedestrian-dbt\\logs'}
[0m00:44:39.559646 [debug] [MainThread]: Sending event: {'category': 'dbt', 'action': 'project_id', 'label': 'a72f348a-682d-42c8-9270-287ecf7442e4', 'context': [<snowplow_tracker.self_describing_json.SelfDescribingJson object at 0x0000015F644805D0>]}
[0m00:44:39.640730 [debug] [MainThread]: Sending event: {'category': 'dbt', 'action': 'adapter_info', 'label': 'a72f348a-682d-42c8-9270-287ecf7442e4', 'context': [<snowplow_tracker.self_describing_json.SelfDescribingJson object at 0x0000015F4E5B4F50>]}
[0m00:44:39.641812 [info ] [MainThread]: Registered adapter: bigquery=1.11.1
[0m00:44:40.279613 [debug] [MainThread]: checksum: 30a8cc8fdcbf66701b0944d4ccce3fa46dd04b61e5df68b9f16d57b2e0e3f0be, vars: {}, profile: , target: , version: 1.11.11
[0m00:44:40.466713 [debug] [MainThread]: Partial parsing enabled: 0 files deleted, 0 files added, 0 files changed.
[0m00:44:40.467749 [debug] [MainThread]: Nothing changed, skipping partial parsing.
[0m00:44:40.468716 [debug] [MainThread]: Partial parsing enabled, no changes found, skipping parsing
[0m00:44:40.474659 [warn ] [MainThread]: [[33mWARNING[0m]: Configuration paths exist in your dbt_project.yml file which do not apply to any resources.
There are 1 unused configuration paths:
- models.pedestrian_dbt.example
[0m00:44:40.527332 [debug] [MainThread]: Sending event: {'category': 'dbt', 'action': 'load_project', 'label': 'a72f348a-682d-42c8-9270-287ecf7442e4', 'context': [<snowplow_tracker.self_describing_json.SelfDescribingJson object at 0x0000015F6490E8D0>]}
[0m00:44:40.656408 [debug] [MainThread]: Wrote artifact WritableManifest to C:\Adit\Tugas\teknologi big data\pedestrian-forecasting\pedestrian-dbt\target\manifest.json
[0m00:44:40.659916 [debug] [MainThread]: Wrote artifact SemanticManifest to C:\Adit\Tugas\teknologi big data\pedestrian-forecasting\pedestrian-dbt\target\semantic_manifest.json
[0m00:44:40.688723 [debug] [MainThread]: Sending event: {'category': 'dbt', 'action': 'resource_counts', 'label': 'a72f348a-682d-42c8-9270-287ecf7442e4', 'context': [<snowplow_tracker.self_describing_json.SelfDescribingJson object at 0x0000015F64A826D0>]}
[0m00:44:40.689724 [info ] [MainThread]: Found 7 models, 7 data tests, 4 sources, 549 macros
[0m00:44:40.690349 [debug] [MainThread]: Sending event: {'category': 'dbt', 'action': 'runnable_timing', 'label': 'a72f348a-682d-42c8-9270-287ecf7442e4', 'context': [<snowplow_tracker.self_describing_json.SelfDescribingJson object at 0x0000015F643B51D0>]}
[0m00:44:40.693388 [info ] [MainThread]: 
[0m00:44:40.694386 [info ] [MainThread]: Concurrency: 4 threads (target='dev')
[0m00:44:40.695410 [info ] [MainThread]: 
[0m00:44:40.696411 [debug] [MainThread]: Acquiring new bigquery connection 'master'
[0m00:44:40.702559 [debug] [ThreadPool]: Acquiring new bigquery connection 'list_melbourne-pedestrian-pipeline_staging'
[0m00:44:40.703559 [debug] [ThreadPool]: Opening a new connection, currently in state init
[0m00:44:42.189852 [debug] [MainThread]: Sending event: {'category': 'dbt', 'action': 'runnable_timing', 'label': 'a72f348a-682d-42c8-9270-287ecf7442e4', 'context': [<snowplow_tracker.self_describing_json.SelfDescribingJson object at 0x0000015F648CADD0>]}
[0m00:44:42.190842 [debug] [MainThread]: Opening a new connection, currently in state init
[0m00:44:42.235928 [debug] [Thread-1 (]: Began running node test.pedestrian_dbt.not_null_mart_pedestrian_daily_daily_total.2d3b283d99
[0m00:44:42.235928 [debug] [Thread-2 (]: Began running node test.pedestrian_dbt.not_null_mart_pedestrian_daily_location_id.ccd2cf39b3
[0m00:44:42.236927 [debug] [Thread-3 (]: Began running node test.pedestrian_dbt.not_null_mart_pedestrian_daily_sensing_date.a2fef57d2a
[0m00:44:42.236927 [debug] [Thread-4 (]: Began running node test.pedestrian_dbt.not_null_mart_pedestrian_hourly_pedestrian_count.98d96d8930
[0m00:44:42.237968 [info ] [Thread-1 (]: 1 of 7 START test not_null_mart_pedestrian_daily_daily_total ................... [RUN]
[0m00:44:42.238928 [info ] [Thread-2 (]: 2 of 7 START test not_null_mart_pedestrian_daily_location_id ................... [RUN]
[0m00:44:42.239933 [info ] [Thread-3 (]: 3 of 7 START test not_null_mart_pedestrian_daily_sensing_date .................. [RUN]
[0m00:44:42.240987 [info ] [Thread-4 (]: 4 of 7 START test not_null_mart_pedestrian_hourly_pedestrian_count ............. [RUN]
[0m00:44:42.241986 [debug] [Thread-1 (]: Acquiring new bigquery connection 'test.pedestrian_dbt.not_null_mart_pedestrian_daily_daily_total.2d3b283d99'
[0m00:44:42.242986 [debug] [Thread-2 (]: Acquiring new bigquery connection 'test.pedestrian_dbt.not_null_mart_pedestrian_daily_location_id.ccd2cf39b3'
[0m00:44:42.243986 [debug] [Thread-3 (]: Acquiring new bigquery connection 'test.pedestrian_dbt.not_null_mart_pedestrian_daily_sensing_date.a2fef57d2a'
[0m00:44:42.243986 [debug] [Thread-4 (]: Acquiring new bigquery connection 'test.pedestrian_dbt.not_null_mart_pedestrian_hourly_pedestrian_count.98d96d8930'
[0m00:44:42.245848 [debug] [Thread-1 (]: Began compiling node test.pedestrian_dbt.not_null_mart_pedestrian_daily_daily_total.2d3b283d99
[0m00:44:42.246585 [debug] [Thread-2 (]: Began compiling node test.pedestrian_dbt.not_null_mart_pedestrian_daily_location_id.ccd2cf39b3
[0m00:44:42.246585 [debug] [Thread-3 (]: Began compiling node test.pedestrian_dbt.not_null_mart_pedestrian_daily_sensing_date.a2fef57d2a
[0m00:44:42.247628 [debug] [Thread-4 (]: Began compiling node test.pedestrian_dbt.not_null_mart_pedestrian_hourly_pedestrian_count.98d96d8930
[0m00:44:42.279589 [debug] [Thread-1 (]: Writing injected SQL for node "test.pedestrian_dbt.not_null_mart_pedestrian_daily_daily_total.2d3b283d99"
[0m00:44:42.286089 [debug] [Thread-2 (]: Writing injected SQL for node "test.pedestrian_dbt.not_null_mart_pedestrian_daily_location_id.ccd2cf39b3"
[0m00:44:42.291668 [debug] [Thread-3 (]: Writing injected SQL for node "test.pedestrian_dbt.not_null_mart_pedestrian_daily_sensing_date.a2fef57d2a"
[0m00:44:42.301928 [debug] [Thread-4 (]: Writing injected SQL for node "test.pedestrian_dbt.not_null_mart_pedestrian_hourly_pedestrian_count.98d96d8930"
[0m00:44:42.305146 [debug] [Thread-1 (]: Began executing node test.pedestrian_dbt.not_null_mart_pedestrian_daily_daily_total.2d3b283d99
[0m00:44:42.311789 [debug] [Thread-3 (]: Began executing node test.pedestrian_dbt.not_null_mart_pedestrian_daily_sensing_date.a2fef57d2a
[0m00:44:42.327164 [debug] [Thread-2 (]: Began executing node test.pedestrian_dbt.not_null_mart_pedestrian_daily_location_id.ccd2cf39b3
[0m00:44:42.335089 [debug] [Thread-1 (]: Writing runtime sql for node "test.pedestrian_dbt.not_null_mart_pedestrian_daily_daily_total.2d3b283d99"
[0m00:44:42.336047 [debug] [Thread-4 (]: Began executing node test.pedestrian_dbt.not_null_mart_pedestrian_hourly_pedestrian_count.98d96d8930
[0m00:44:42.340068 [debug] [Thread-3 (]: Writing runtime sql for node "test.pedestrian_dbt.not_null_mart_pedestrian_daily_sensing_date.a2fef57d2a"
[0m00:44:42.344196 [debug] [Thread-2 (]: Writing runtime sql for node "test.pedestrian_dbt.not_null_mart_pedestrian_daily_location_id.ccd2cf39b3"
[0m00:44:42.349196 [debug] [Thread-4 (]: Writing runtime sql for node "test.pedestrian_dbt.not_null_mart_pedestrian_hourly_pedestrian_count.98d96d8930"
[0m00:44:42.350353 [debug] [Thread-1 (]: On test.pedestrian_dbt.not_null_mart_pedestrian_daily_daily_total.2d3b283d99: /* {"app": "dbt", "dbt_version": "1.11.11", "profile_name": "pedestrian_dbt", "target_name": "dev", "node_id": "test.pedestrian_dbt.not_null_mart_pedestrian_daily_daily_total.2d3b283d99"} */

    
    select
      count(*) as failures,
      count(*) != 0 as should_warn,
      count(*) != 0 as should_error
    from (
      
    
  
    
    



select daily_total
from `melbourne-pedestrian-pipeline`.`staging`.`mart_pedestrian_daily`
where daily_total is null



  
  
      
    ) dbt_internal_test
[0m00:44:42.351871 [debug] [Thread-1 (]: Opening a new connection, currently in state init
[0m00:44:42.353549 [debug] [Thread-3 (]: On test.pedestrian_dbt.not_null_mart_pedestrian_daily_sensing_date.a2fef57d2a: /* {"app": "dbt", "dbt_version": "1.11.11", "profile_name": "pedestrian_dbt", "target_name": "dev", "node_id": "test.pedestrian_dbt.not_null_mart_pedestrian_daily_sensing_date.a2fef57d2a"} */

    
    select
      count(*) as failures,
      count(*) != 0 as should_warn,
      count(*) != 0 as should_error
    from (
      
    
  
    
    



select sensing_date
from `melbourne-pedestrian-pipeline`.`staging`.`mart_pedestrian_daily`
where sensing_date is null



  
  
      
    ) dbt_internal_test
[0m00:44:42.354547 [debug] [Thread-2 (]: On test.pedestrian_dbt.not_null_mart_pedestrian_daily_location_id.ccd2cf39b3: /* {"app": "dbt", "dbt_version": "1.11.11", "profile_name": "pedestrian_dbt", "target_name": "dev", "node_id": "test.pedestrian_dbt.not_null_mart_pedestrian_daily_location_id.ccd2cf39b3"} */

    
    select
      count(*) as failures,
      count(*) != 0 as should_warn,
      count(*) != 0 as should_error
    from (
      
    
  
    
    



select location_id
from `melbourne-pedestrian-pipeline`.`staging`.`mart_pedestrian_daily`
where location_id is null



  
  
      
    ) dbt_internal_test
[0m00:44:42.355549 [debug] [Thread-4 (]: On test.pedestrian_dbt.not_null_mart_pedestrian_hourly_pedestrian_count.98d96d8930: /* {"app": "dbt", "dbt_version": "1.11.11", "profile_name": "pedestrian_dbt", "target_name": "dev", "node_id": "test.pedestrian_dbt.not_null_mart_pedestrian_hourly_pedestrian_count.98d96d8930"} */

    
    select
      count(*) as failures,
      count(*) != 0 as should_warn,
      count(*) != 0 as should_error
    from (
      
    
  
    
    



select pedestrian_count
from `melbourne-pedestrian-pipeline`.`staging`.`mart_pedestrian_hourly`
where pedestrian_count is null



  
  
      
    ) dbt_internal_test
[0m00:44:42.395046 [debug] [Thread-3 (]: Opening a new connection, currently in state init
[0m00:44:42.396047 [debug] [Thread-2 (]: Opening a new connection, currently in state init
[0m00:44:42.399048 [debug] [Thread-4 (]: Opening a new connection, currently in state init
[0m00:44:44.598920 [debug] [Thread-1 (]: BigQuery adapter: https://console.cloud.google.com/bigquery?project=melbourne-pedestrian-pipeline&j=bq:US:3fb21acb-f8f8-4dad-8b36-a68da53f3e59&page=queryresults
[0m00:44:44.668887 [debug] [Thread-2 (]: BigQuery adapter: https://console.cloud.google.com/bigquery?project=melbourne-pedestrian-pipeline&j=bq:US:ab118583-8361-4c01-a857-6381a5a7fc35&page=queryresults
[0m00:44:44.697284 [debug] [Thread-4 (]: BigQuery adapter: https://console.cloud.google.com/bigquery?project=melbourne-pedestrian-pipeline&j=bq:US:47ed566f-63a9-4c99-b9ad-904b080dbf65&page=queryresults
[0m00:44:44.967924 [debug] [Thread-1 (]: SQL status: OK in 0.369 seconds
[0m00:44:45.035127 [debug] [Thread-2 (]: SQL status: OK in 0.364 seconds
[0m00:44:45.092568 [debug] [Thread-4 (]: SQL status: OK in 0.395 seconds
[0m00:44:45.264852 [debug] [Thread-3 (]: BigQuery adapter: https://console.cloud.google.com/bigquery?project=melbourne-pedestrian-pipeline&j=bq:US:d5d9cac5-d135-490e-9305-45d99506ea1e&page=queryresults
[0m00:44:45.659829 [debug] [Thread-3 (]: SQL status: OK in 0.393 seconds
[0m00:44:45.845573 [info ] [Thread-2 (]: 2 of 7 PASS not_null_mart_pedestrian_daily_location_id ......................... [[32mPASS[0m in 3.60s]
[0m00:44:45.846200 [debug] [Thread-2 (]: Finished running node test.pedestrian_dbt.not_null_mart_pedestrian_daily_location_id.ccd2cf39b3
[0m00:44:45.847236 [debug] [Thread-2 (]: Began running node test.pedestrian_dbt.not_null_mart_pedestrian_hourly_pedestrian_id.2439fc7162
[0m00:44:45.848197 [info ] [Thread-2 (]: 5 of 7 START test not_null_mart_pedestrian_hourly_pedestrian_id ................ [RUN]
[0m00:44:45.849252 [debug] [Thread-2 (]: Re-using an available connection from the pool (formerly test.pedestrian_dbt.not_null_mart_pedestrian_daily_location_id.ccd2cf39b3, now test.pedestrian_dbt.not_null_mart_pedestrian_hourly_pedestrian_id.2439fc7162)
[0m00:44:45.849814 [debug] [Thread-2 (]: Began compiling node test.pedestrian_dbt.not_null_mart_pedestrian_hourly_pedestrian_id.2439fc7162
[0m00:44:45.854886 [debug] [Thread-2 (]: Writing injected SQL for node "test.pedestrian_dbt.not_null_mart_pedestrian_hourly_pedestrian_id.2439fc7162"
[0m00:44:45.855879 [debug] [Thread-2 (]: Began executing node test.pedestrian_dbt.not_null_mart_pedestrian_hourly_pedestrian_id.2439fc7162
[0m00:44:45.859365 [debug] [Thread-2 (]: Writing runtime sql for node "test.pedestrian_dbt.not_null_mart_pedestrian_hourly_pedestrian_id.2439fc7162"
[0m00:44:45.863966 [info ] [Thread-1 (]: 1 of 7 PASS not_null_mart_pedestrian_daily_daily_total ......................... [[32mPASS[0m in 3.62s]
[0m00:44:45.864964 [debug] [Thread-2 (]: On test.pedestrian_dbt.not_null_mart_pedestrian_hourly_pedestrian_id.2439fc7162: /* {"app": "dbt", "dbt_version": "1.11.11", "profile_name": "pedestrian_dbt", "target_name": "dev", "node_id": "test.pedestrian_dbt.not_null_mart_pedestrian_hourly_pedestrian_id.2439fc7162"} */

    
    select
      count(*) as failures,
      count(*) != 0 as should_warn,
      count(*) != 0 as should_error
    from (
      
    
  
    
    



select pedestrian_id
from `melbourne-pedestrian-pipeline`.`staging`.`mart_pedestrian_hourly`
where pedestrian_id is null



  
  
      
    ) dbt_internal_test
[0m00:44:45.865965 [debug] [Thread-1 (]: Finished running node test.pedestrian_dbt.not_null_mart_pedestrian_daily_daily_total.2d3b283d99
[0m00:44:45.867003 [debug] [Thread-2 (]: Opening a new connection, currently in state closed
[0m00:44:45.871783 [debug] [Thread-1 (]: Began running node test.pedestrian_dbt.not_null_mart_pedestrian_hourly_sensing_date.aea64b34b4
[0m00:44:45.871268 [info ] [Thread-4 (]: 4 of 7 PASS not_null_mart_pedestrian_hourly_pedestrian_count ................... [[32mPASS[0m in 3.63s]
[0m00:44:45.912996 [info ] [Thread-1 (]: 6 of 7 START test not_null_mart_pedestrian_hourly_sensing_date ................. [RUN]
[0m00:44:45.915072 [debug] [Thread-4 (]: Finished running node test.pedestrian_dbt.not_null_mart_pedestrian_hourly_pedestrian_count.98d96d8930
[0m00:44:45.917462 [debug] [Thread-1 (]: Re-using an available connection from the pool (formerly test.pedestrian_dbt.not_null_mart_pedestrian_daily_daily_total.2d3b283d99, now test.pedestrian_dbt.not_null_mart_pedestrian_hourly_sensing_date.aea64b34b4)
[0m00:44:45.918464 [debug] [Thread-4 (]: Began running node test.pedestrian_dbt.unique_mart_pedestrian_hourly_pedestrian_id.b9bdd431bd
[0m00:44:45.919458 [debug] [Thread-1 (]: Began compiling node test.pedestrian_dbt.not_null_mart_pedestrian_hourly_sensing_date.aea64b34b4
[0m00:44:45.920459 [info ] [Thread-4 (]: 7 of 7 START test unique_mart_pedestrian_hourly_pedestrian_id .................. [RUN]
[0m00:44:45.926501 [debug] [Thread-1 (]: Writing injected SQL for node "test.pedestrian_dbt.not_null_mart_pedestrian_hourly_sensing_date.aea64b34b4"
[0m00:44:45.927554 [debug] [Thread-4 (]: Re-using an available connection from the pool (formerly test.pedestrian_dbt.not_null_mart_pedestrian_hourly_pedestrian_count.98d96d8930, now test.pedestrian_dbt.unique_mart_pedestrian_hourly_pedestrian_id.b9bdd431bd)
[0m00:44:45.928552 [debug] [Thread-4 (]: Began compiling node test.pedestrian_dbt.unique_mart_pedestrian_hourly_pedestrian_id.b9bdd431bd
[0m00:44:45.937608 [debug] [Thread-4 (]: Writing injected SQL for node "test.pedestrian_dbt.unique_mart_pedestrian_hourly_pedestrian_id.b9bdd431bd"
[0m00:44:45.937608 [debug] [Thread-1 (]: Began executing node test.pedestrian_dbt.not_null_mart_pedestrian_hourly_sensing_date.aea64b34b4
[0m00:44:45.942586 [debug] [Thread-1 (]: Writing runtime sql for node "test.pedestrian_dbt.not_null_mart_pedestrian_hourly_sensing_date.aea64b34b4"
[0m00:44:45.943580 [debug] [Thread-4 (]: Began executing node test.pedestrian_dbt.unique_mart_pedestrian_hourly_pedestrian_id.b9bdd431bd
[0m00:44:45.947579 [debug] [Thread-4 (]: Writing runtime sql for node "test.pedestrian_dbt.unique_mart_pedestrian_hourly_pedestrian_id.b9bdd431bd"
[0m00:44:45.948577 [debug] [Thread-1 (]: On test.pedestrian_dbt.not_null_mart_pedestrian_hourly_sensing_date.aea64b34b4: /* {"app": "dbt", "dbt_version": "1.11.11", "profile_name": "pedestrian_dbt", "target_name": "dev", "node_id": "test.pedestrian_dbt.not_null_mart_pedestrian_hourly_sensing_date.aea64b34b4"} */

    
    select
      count(*) as failures,
      count(*) != 0 as should_warn,
      count(*) != 0 as should_error
    from (
      
    
  
    
    



select sensing_date
from `melbourne-pedestrian-pipeline`.`staging`.`mart_pedestrian_hourly`
where sensing_date is null



  
  
      
    ) dbt_internal_test
[0m00:44:45.949578 [debug] [Thread-1 (]: Opening a new connection, currently in state closed
[0m00:44:45.950650 [debug] [Thread-4 (]: On test.pedestrian_dbt.unique_mart_pedestrian_hourly_pedestrian_id.b9bdd431bd: /* {"app": "dbt", "dbt_version": "1.11.11", "profile_name": "pedestrian_dbt", "target_name": "dev", "node_id": "test.pedestrian_dbt.unique_mart_pedestrian_hourly_pedestrian_id.b9bdd431bd"} */

    
    select
      count(*) as failures,
      count(*) != 0 as should_warn,
      count(*) != 0 as should_error
    from (
      
    
  
    
    

with dbt_test__target as (

  select pedestrian_id as unique_field
  from `melbourne-pedestrian-pipeline`.`staging`.`mart_pedestrian_hourly`
  where pedestrian_id is not null

)

select
    unique_field,
    count(*) as n_records

from dbt_test__target
group by unique_field
having count(*) > 1



  
  
      
    ) dbt_internal_test
[0m00:44:45.989849 [debug] [Thread-4 (]: Opening a new connection, currently in state closed
[0m00:44:46.438905 [info ] [Thread-3 (]: 3 of 7 PASS not_null_mart_pedestrian_daily_sensing_date ........................ [[32mPASS[0m in 4.19s]
[0m00:44:46.440907 [debug] [Thread-3 (]: Finished running node test.pedestrian_dbt.not_null_mart_pedestrian_daily_sensing_date.a2fef57d2a
[0m00:44:47.997461 [debug] [Thread-1 (]: BigQuery adapter: https://console.cloud.google.com/bigquery?project=melbourne-pedestrian-pipeline&j=bq:US:c9b9b149-4302-421c-bb95-dd88d5059e50&page=queryresults
[0m00:44:48.165360 [debug] [Thread-4 (]: BigQuery adapter: https://console.cloud.google.com/bigquery?project=melbourne-pedestrian-pipeline&j=bq:US:faea84d8-9656-484c-9cc5-75aeafeb63d0&page=queryresults
[0m00:44:48.348593 [debug] [Thread-2 (]: BigQuery adapter: https://console.cloud.google.com/bigquery?project=melbourne-pedestrian-pipeline&j=bq:US:bb252f3b-0fde-427c-8a05-b0f3a7b8d7dc&page=queryresults
[0m00:44:48.407155 [debug] [Thread-1 (]: SQL status: OK in 0.409 seconds
[0m00:44:48.574469 [debug] [Thread-4 (]: SQL status: OK in 0.408 seconds
[0m00:44:48.799521 [debug] [Thread-2 (]: SQL status: OK in 0.450 seconds
[0m00:44:49.205723 [info ] [Thread-1 (]: 6 of 7 PASS not_null_mart_pedestrian_hourly_sensing_date ....................... [[32mPASS[0m in 3.29s]
[0m00:44:49.206667 [debug] [Thread-1 (]: Finished running node test.pedestrian_dbt.not_null_mart_pedestrian_hourly_sensing_date.aea64b34b4
[0m00:44:49.373905 [info ] [Thread-4 (]: 7 of 7 PASS unique_mart_pedestrian_hourly_pedestrian_id ........................ [[32mPASS[0m in 3.45s]
[0m00:44:49.375080 [debug] [Thread-4 (]: Finished running node test.pedestrian_dbt.unique_mart_pedestrian_hourly_pedestrian_id.b9bdd431bd
[0m00:44:49.588563 [info ] [Thread-2 (]: 5 of 7 PASS not_null_mart_pedestrian_hourly_pedestrian_id ...................... [[32mPASS[0m in 3.74s]
[0m00:44:49.590526 [debug] [Thread-2 (]: Finished running node test.pedestrian_dbt.not_null_mart_pedestrian_hourly_pedestrian_id.2439fc7162
[0m00:44:49.591524 [debug] [MainThread]: Opening a new connection, currently in state closed
[0m00:44:49.632624 [debug] [MainThread]: Connection 'master' was properly closed.
[0m00:44:49.632624 [debug] [MainThread]: Connection 'list_melbourne-pedestrian-pipeline_staging' was properly closed.
[0m00:44:49.633576 [debug] [MainThread]: Connection 'test.pedestrian_dbt.not_null_mart_pedestrian_hourly_sensing_date.aea64b34b4' was properly closed.
[0m00:44:49.633576 [debug] [MainThread]: Connection 'test.pedestrian_dbt.not_null_mart_pedestrian_hourly_pedestrian_id.2439fc7162' was properly closed.
[0m00:44:49.634576 [debug] [MainThread]: Connection 'test.pedestrian_dbt.not_null_mart_pedestrian_daily_sensing_date.a2fef57d2a' was properly closed.
[0m00:44:49.634576 [debug] [MainThread]: Connection 'test.pedestrian_dbt.unique_mart_pedestrian_hourly_pedestrian_id.b9bdd431bd' was properly closed.
[0m00:44:49.635576 [info ] [MainThread]: 
[0m00:44:49.636579 [info ] [MainThread]: Finished running 7 data tests in 0 hours 0 minutes and 8.94 seconds (8.94s).
[0m00:44:49.638618 [debug] [MainThread]: Command end result
[0m00:44:49.773239 [debug] [MainThread]: Wrote artifact WritableManifest to C:\Adit\Tugas\teknologi big data\pedestrian-forecasting\pedestrian-dbt\target\manifest.json
[0m00:44:49.777483 [debug] [MainThread]: Wrote artifact SemanticManifest to C:\Adit\Tugas\teknologi big data\pedestrian-forecasting\pedestrian-dbt\target\semantic_manifest.json
[0m00:44:49.788054 [debug] [MainThread]: Wrote artifact RunExecutionResult to C:\Adit\Tugas\teknologi big data\pedestrian-forecasting\pedestrian-dbt\target\run_results.json
[0m00:44:49.789051 [info ] [MainThread]: 
[0m00:44:49.790051 [info ] [MainThread]: [32mCompleted successfully[0m
[0m00:44:49.791706 [info ] [MainThread]: 
[0m00:44:49.792706 [info ] [MainThread]: Done. PASS=7 WARN=0 ERROR=0 SKIP=0 NO-OP=0 TOTAL=7
[0m00:44:49.795707 [debug] [MainThread]: Command `dbt test` succeeded at 00:44:49.794706 after 12.04 seconds
[0m00:44:49.796277 [debug] [MainThread]: Sending event: {'category': 'dbt', 'action': 'invocation', 'label': 'end', 'context': [<snowplow_tracker.self_describing_json.SelfDescribingJson object at 0x0000015F51C207D0>, <snowplow_tracker.self_describing_json.SelfDescribingJson object at 0x0000015F6621E250>, <snowplow_tracker.self_describing_json.SelfDescribingJson object at 0x0000015F4B0CE890>]}
[0m00:44:49.797276 [debug] [MainThread]: Flushing usage events
[0m00:44:52.104636 [debug] [MainThread]: An error was encountered while trying to flush usage events
